0,1,2,3,4,5,6,7,anomaly
-0.9506406,-0.9604019,-0.91907036,0.20959964,-0.94033873,-0.9508457,-0.63673306,-0.95038265,-1
-0.9630792,-0.94557905,-0.90894544,0.35347062,-0.8868874,-0.9204264,-0.695809,-0.9520697,-1
-0.9756725,-0.96385413,-0.9753224,0.11443654,-0.96328944,-0.9497588,-0.7773573,-0.969741,-1
-0.98349345,-0.97951305,-0.9523049,0.5324643,-0.94920594,-0.9374163,-0.7651983,-0.98100203,-1
-0.9774312,-0.95324236,-0.91483825,0.42544997,-0.949137,-0.92946374,-0.8106816,-0.94783384,-1
-0.96582294,-0.9400169,-0.90991145,0.38680732,-0.8873665,-0.8719203,-0.78480005,-0.96268743,-1
-0.9473522,-0.9075885,-0.84977585,0.51209384,-0.92397636,-0.8324416,-0.5212815,-0.9407499,-1
-0.95881253,-0.97255987,-0.94358325,0.36956635,-0.95545864,-0.9623466,-0.80938184,-0.9796695,-1
-0.9861446,-0.9748689,-0.9695193,0.36296487,-0.97841454,-0.9719818,-0.6627404,-0.97143275,-1
-0.96946967,-0.96881163,-0.8961826,0.45317376,-0.9614231,-0.97573006,-0.79996014,-0.97867775,-1
-0.978793,-0.984476,-0.94730335,0.49940673,-0.9306356,-0.96682596,-0.79183024,-0.96375704,-1
-0.9702841,-0.98908854,-0.9128094,0.65084916,-0.9695733,-0.9576261,-0.8036373,-0.9745672,-1
-0.9754951,-0.98508006,-0.94220746,0.33129522,-0.9424671,-0.9614657,-0.8125194,-0.96310097,-1
-0.9835561,-0.97200936,-0.93715733,0.3803123,-0.96138734,-0.9524793,-0.66196704,-0.9692405,-1
-0.9912053,-0.9732779,-0.95003754,0.3665883,-0.95520085,-0.9687583,-0.7305405,-0.9717607,-1
-0.97200865,-0.9826142,-0.95088875,0.4928689,-0.96403223,-0.9608889,-0.7041,-0.96830827,-1
-0.9614579,-0.9712086,-0.92716426,0.19822478,-0.93472046,-0.9314137,-0.6479307,-0.9708387,-1
-0.9390198,-0.9689301,-0.92469335,0.27754092,-0.95503724,-0.9312916,-0.74517226,-0.9488505,-1
-0.9779603,-0.9744385,-0.93803257,0.6683566,-0.9583438,-0.95848423,-0.69002324,-0.9552627,-1
-0.97103435,-0.9664617,-0.94136405,0.15550335,-0.948607,-0.9369379,-0.80011123,-0.9791564,-1
-0.98177725,-0.96657825,-0.9531398,0.3154212,-0.9417457,-0.9495915,-0.80147904,-0.9747473,-1
-0.99070674,-0.9858397,-0.9509342,0.4724953,-0.96310806,-0.9703306,-0.8384135,-0.9781015,-1
-0.9694293,-0.98348486,-0.9225632,0.4492877,-0.96129817,-0.9562716,-0.7196064,-0.9668006,-1
-0.93336064,-0.94283533,-0.86476254,0.23478884,-0.9145909,-0.9177426,-0.740668,-0.8987806,-1
-0.9623994,-0.93928826,-0.8865762,0.42328855,-0.91572,-0.9293168,-0.71895224,-0.93949544,-1
-0.97107387,-0.97429633,-0.94285303,0.29352626,-0.95168376,-0.9516999,-0.76394176,-0.9829598,-1
-0.97932357,-0.9599959,-0.91882056,0.4011981,-0.93067575,-0.9366041,-0.764302,-0.93310195,-1
-0.9910058,-0.99325496,-0.9404474,0.5401164,-0.97499603,-0.9732561,-0.7361303,-0.99172366,-1
-0.9645247,-0.9495206,-0.9267213,0.49642193,-0.9229556,-0.9158471,-0.6770615,-0.9438656,-1
-0.9694942,-0.9294445,-0.8832286,0.18316156,-0.94449466,-0.9374019,-0.6220988,-0.9621888,-1
-0.95630527,-0.98497045,-0.9505265,0.42010897,-0.94468343,-0.9668856,-0.7837331,-0.9841659,-1
-0.9875256,-0.9886452,-0.9628626,0.7087546,-0.9820216,-0.9591726,-0.83199507,-0.98299336,-1
-0.94955456,-0.956983,-0.8739236,0.38096714,-0.934237,-0.9324452,-0.77167064,-0.9539507,-1
-0.9852769,-0.9811682,-0.9418485,0.32695815,-0.9604926,-0.961082,-0.68789923,-0.9787172,-1
-0.9432909,-0.9365062,-0.8593841,0.29192263,-0.8604051,-0.9103364,-0.575879,-0.9031507,-1
-0.9838223,-0.98315346,-0.94752455,0.45849255,-0.9680703,-0.97269446,-0.6855276,-0.98225737,-1
-0.99223155,-0.97178483,-0.92224884,0.39442855,-0.95258814,-0.94206035,-0.80637956,-0.95626163,-1
-0.9566868,-0.96366,-0.9174798,0.42852724,-0.93430126,-0.9351756,-0.59349227,-0.9643837,-1
-0.9150456,-0.9461057,-0.8433616,0.27976537,-0.87692183,-0.89136595,-0.5927105,-0.9210669,1
-0.9657261,-0.95921516,-0.9038818,0.21903585,-0.9309117,-0.9236212,-0.76057297,-0.9384787,-1
-0.96585816,-0.9615835,-0.9451415,0.60054415,-0.9241208,-0.9332583,-0.7451993,-0.95215267,-1
-0.96850246,-0.976761,-0.9398769,0.3485092,-0.9645943,-0.890289,-0.71593416,-0.916532,-1
-0.98094326,-0.9825424,-0.9564577,0.49591908,-0.97406894,-0.95932,-0.8133575,-0.97202843,-1
-0.9240137,-0.9657761,-0.91662633,0.32448283,-0.8401047,-0.8465127,-0.6643005,-0.83832943,-1
-0.96727574,-0.9585531,-0.9307223,0.3256926,-0.94996387,-0.89068455,-0.77480245,-0.9450322,-1
-0.945734,-0.935775,-0.88979167,0.26300734,-0.9060705,-0.93548095,-0.6073298,-0.9216595,-1
-0.96236855,-0.9737254,-0.93213284,0.08198314,-0.8748774,-0.9598003,-0.53067416,-0.9812748,-1
-0.9533341,-0.96358275,-0.9039912,0.40665147,-0.8910751,-0.9367511,-0.674562,-0.9590821,-1
-0.9877989,-0.9772317,-0.97090703,0.20695008,-0.9639995,-0.9443903,-0.68253994,-0.95601636,-1
-0.95912933,-0.96384573,-0.91183364,0.40239257,-0.9478139,-0.95151275,-0.5859422,-0.975536,-1
-0.96237874,-0.9543465,-0.8586154,0.3845048,-0.9066086,-0.93255407,-0.8052672,-0.95672566,-1
-0.9890976,-0.9797686,-0.95696807,0.6484081,-0.9589361,-0.97098476,-0.6957737,-0.9696252,-1
-0.95272875,-0.9157244,-0.8363267,0.46698162,-0.9079649,-0.947023,-0.7734683,-0.9431981,-1
-0.9633214,-0.9575217,-0.90446943,0.040791985,-0.82107913,-0.9311477,-0.7597745,-0.92905366,-1
-0.9141428,-0.94325906,-0.8946698,0.47887084,-0.84808815,-0.8821438,-0.7450157,-0.88985443,-1
-0.97309965,-0.96550983,-0.93141866,0.55654824,-0.9502484,-0.953332,-0.6585044,-0.9702655,-1
-0.98426104,-0.99502605,-0.97334754,0.53124404,-0.9849298,-0.98006314,-0.64569265,-0.9820935,-1
-0.98111135,-0.98166484,-0.90030277,0.52144915,-0.9688348,-0.96698254,-0.8305018,-0.981687,-1
-0.96604145,-0.9743242,-0.9243495,0.47269678,-0.9651536,-0.95016795,-0.6855653,-0.9643169,-1
-0.94175875,-0.8879992,-0.8261425,0.27490366,-0.79991394,-0.9135592,-0.7497433,-0.9141156,-1
-0.9460925,-0.9353707,-0.907094,0.4365059,-0.9316351,-0.91345125,-0.6501396,-0.9317468,-1
-0.9843248,-0.9726514,-0.93635607,0.69460064,-0.9707885,-0.96568125,-0.79416084,-0.9644931,-1
-0.97328484,-0.96595603,-0.9369134,0.5107952,-0.9482311,-0.9534852,-0.6949243,-0.96384126,-1
-0.96503,-0.9805929,-0.8874955,0.51642334,-0.963327,-0.9531047,-0.70844847,-0.9717795,-1
-0.9715655,-0.9399311,-0.8723706,0.45263055,-0.93228257,-0.9169476,-0.58165103,-0.95052934,-1
-0.98165876,-0.95990956,-0.89481777,0.46937767,-0.9621955,-0.9691144,-0.7303906,-0.9784269,-1
-0.95275146,-0.9658557,-0.9210821,0.5427606,-0.9439538,-0.92704517,-0.7481855,-0.940708,-1
-0.9688128,-0.95646733,-0.9312652,0.42808092,-0.9326219,-0.90709263,-0.75347203,-0.9721465,-1
-0.9713451,-0.9409385,-0.9139081,0.42433077,-0.95022804,-0.96489495,-0.73980707,-0.96462786,-1
-0.9556636,-0.9569981,-0.8613715,0.28423786,-0.9445036,-0.9247556,-0.6098513,-0.9345355,-1
-0.9863911,-0.9633106,-0.95756024,0.3274397,-0.9481146,-0.9494243,-0.7231898,-0.97058374,-1
-0.956762,-0.9781217,-0.9189135,0.4185626,-0.9711637,-0.94333875,-0.7465417,-0.9785939,-1
-0.9785979,-0.9569191,-0.8876654,0.42904237,-0.9597335,-0.96276116,-0.787772,-0.9711841,-1
-0.95345175,-0.93801147,-0.9041566,0.4127437,-0.95085746,-0.9312336,-0.75333303,-0.9201848,-1
-0.9181292,-0.98328084,-0.95212954,0.4060951,-0.9298952,-0.9707407,-0.68371046,-0.98284394,-1
-0.94994,-0.95552224,-0.8766843,0.3467656,-0.9362102,-0.92916244,-0.6517264,-0.95586586,-1
-0.9732156,-0.97983533,-0.9599017,0.45916256,-0.9580808,-0.9530014,-0.75194,-0.9732507,-1
-0.892416,-0.9347651,-0.7975079,0.104985155,-0.8969703,-0.8949144,-0.636128,-0.9037768,1
-0.9608923,-0.9705283,-0.95604146,0.47856757,-0.971125,-0.9439711,-0.81120855,-0.958859,-1
-0.96797836,-0.9761358,-0.859978,0.5279834,-0.966055,-0.9431943,-0.7082864,-0.97654706,-1
-0.97340405,-0.9664202,-0.9224266,0.50283587,-0.91349024,-0.8979183,-0.8492596,-0.96390563,-1
-0.9626199,-0.96454793,-0.92065626,0.3475641,-0.9533674,-0.9494624,-0.745674,-0.9655164,-1
-0.96533465,-0.9442892,-0.8894212,0.26428837,-0.9541182,-0.9361606,-0.793576,-0.93633634,-1
-0.9733826,-0.965389,-0.8970262,0.24044238,-0.9498841,-0.95931673,-0.80954075,-0.9615224,-1
-0.967839,-0.9558805,-0.90400374,0.23610196,-0.90369815,-0.84096456,-0.74260795,-0.92609787,-1
-0.963002,-0.9637832,-0.9382821,0.38758275,-0.92847514,-0.9169384,-0.5813062,-0.9524489,-1
-0.96320444,-0.94911945,-0.8752259,0.3339216,-0.85437024,-0.94085723,-0.6243331,-0.9474789,-1
-0.9974367,-0.9981678,-0.9778992,0.4495915,-0.98234826,-0.9896531,-0.8450111,-0.9966772,-1
-0.9890856,-0.9871992,-0.94115186,0.38852647,-0.96016574,-0.9772116,-0.761525,-0.97228587,-1
-0.98040867,-0.9811131,-0.91792995,0.56042373,-0.95303035,-0.95436925,-0.8233605,-0.9733402,-1
-0.93964624,-0.94248056,-0.9060468,0.38164344,-0.9610522,-0.9456162,-0.8316668,-0.96346337,-1
-0.98257405,-0.97483987,-0.9193305,0.6467687,-0.9564074,-0.9480119,-0.8591819,-0.97365975,-1
-0.9800761,-0.9736519,-0.9425897,0.44040546,-0.9489514,-0.9469916,-0.7861339,-0.9586111,-1
-0.9455059,-0.97490615,-0.91146547,0.5410496,-0.96221316,-0.9421907,-0.74814045,-0.9363012,-1
-0.9711152,-0.97318435,-0.862219,0.46365798,-0.9457159,-0.95199174,-0.7790104,-0.9629768,-1
-0.9122614,-0.954288,-0.927606,0.36197263,-0.90082896,-0.92031366,-0.7944208,-0.96052223,-1
-0.9763289,-0.9736023,-0.94938505,0.38022867,-0.95781326,-0.9697854,-0.71757174,-0.971141,-1
-0.9685422,-0.97989166,-0.96163744,0.4540326,-0.97184765,-0.9485411,-0.83806026,-0.97365975,-1
-0.93083465,-0.93352616,-0.84793955,0.3436584,-0.9179526,-0.9108047,-0.6882848,-0.9389746,-1
-0.95478225,-0.9321386,-0.8709683,0.487792,-0.9037125,-0.89000875,-0.7831313,-0.94237703,-1
-0.9441474,-0.9326429,-0.9202106,0.5354519,-0.9236891,-0.92951083,-0.7202356,-0.94415265,-1
-0.97783095,-0.96379006,-0.9671268,0.40702504,-0.9594084,-0.955661,-0.63836706,-0.96731746,-1
-0.98967224,-0.9812707,-0.97019887,0.640228,-0.9882732,-0.96883446,-0.8127749,-0.9794116,-1
-0.9670688,-0.96061254,-0.92107576,0.19148459,-0.9678749,-0.96853656,-0.7125081,-0.9808907,-1
-0.96325034,-0.9439021,-0.8806588,0.3958821,-0.93559,-0.92327297,-0.5650449,-0.9594426,-1
-0.9556265,-0.9613476,-0.92385936,0.21360117,-0.9516762,-0.9471717,-0.7119419,-0.9812313,-1
-0.9692374,-0.9670385,-0.91205424,0.25129813,-0.9081773,-0.9568776,-0.63474923,-0.960093,-1
-0.9395568,-0.97004324,-0.90958315,0.43524188,-0.941318,-0.9497651,-0.69015634,-0.948849,-1
-0.89642215,-0.8609475,-0.81352204,0.2044165,-0.86733055,-0.78201437,-0.55318433,-0.76100403,-1
-0.9731259,-0.9701882,-0.9486444,0.35642937,-0.97314763,-0.9697844,-0.630492,-0.96933836,-1
-0.981684,-0.9730014,-0.97112864,0.142929,-0.9606114,-0.9576286,-0.769439,-0.9837696,-1
-0.9595353,-0.9612234,-0.93579376,0.533796,-0.925768,-0.91550016,-0.7650444,-0.9634922,-1
-0.97214407,-0.9769356,-0.951868,0.74396574,-0.9665312,-0.9567841,-0.73294824,-0.97565025,-1
-0.9753167,-0.9711608,-0.92880845,0.39080596,-0.9567701,-0.9428918,-0.7342037,-0.97586966,-1
-0.97049105,-0.97034055,-0.9088899,0.634649,-0.9439519,-0.9773626,-0.73887473,-0.9749325,-1
-0.9786627,-0.97030884,-0.9193246,0.42183578,-0.9626457,-0.9375355,-0.7644521,-0.9741416,-1
-0.9793449,-0.96834224,-0.9478307,0.63024825,-0.9559621,-0.9406556,-0.79613173,-0.9282197,-1
-0.9871121,-0.97944653,-0.9281978,0.6100816,-0.96981025,-0.9653662,-0.6896671,-0.9670851,-1
-0.9557981,-0.9350241,-0.91596764,0.41585162,-0.9294281,-0.92444277,-0.6920374,-0.9215652,-1
-0.970158,-0.95557404,-0.92171115,0.46921343,-0.9369519,-0.9268183,-0.7610896,-0.9246272,-1
-0.95649743,-0.9639219,-0.89086556,0.18411632,-0.9494862,-0.93250567,-0.7748072,-0.94260097,-1
-0.96877784,-0.9670392,-0.8765701,0.20620371,-0.9466087,-0.9300015,-0.7357472,-0.97623724,-1
-0.98629093,-0.97944474,-0.88061816,0.43811268,-0.9562815,-0.9789344,-0.7751237,-0.9815844,-1
-0.9901476,-0.9800108,-0.87359405,0.15741287,-0.9541155,-0.9896672,-0.780629,-0.9866729,-1
-0.9618499,-0.9928917,-0.96919686,0.57222444,-0.97273177,-0.9441338,-0.8486871,-0.9763118,-1
-0.97245806,-0.97081536,-0.9396862,0.45036456,-0.9632883,-0.9652312,-0.77744603,-0.9854111,-1
-0.9417487,-0.92472416,-0.865669,0.21286419,-0.8766876,-0.891289,-0.68458277,-0.9177845,-1
-0.9531994,-0.9617668,-0.8935586,0.21651186,-0.95320624,-0.92855895,-0.8086557,-0.9153479,-1
-0.984085,-0.9910308,-0.94756806,0.45312515,-0.95118314,-0.9788169,-0.77190405,-0.98698807,-1
-0.9845855,-0.96716815,-0.92173797,0.5201373,-0.9684143,-0.9649774,-0.80299205,-0.9855076,-1
-0.9731948,-0.9866392,-0.9390829,0.6807196,-0.98086935,-0.961344,-0.8769265,-0.96986705,-1
-0.9721413,-0.9535115,-0.93573695,0.33923182,-0.9219242,-0.9064711,-0.72625226,-0.94411063,-1
-0.97677594,-0.9769308,-0.92428374,0.18033934,-0.94648135,-0.96687126,-0.803223,-0.977051,-1
-0.97685236,-0.9814488,-0.92103946,0.59342253,-0.96179324,-0.96878165,-0.7347687,-0.97812265,-1
-0.95248187,-0.9660423,-0.88911307,0.43866417,-0.9598364,-0.9334108,-0.71803653,-0.9618654,-1
-0.96104914,-0.95525956,-0.94026995,0.47641486,-0.9494165,-0.89394075,-0.8199432,-0.922234,-1
-0.97770447,-0.9785864,-0.9112537,0.28837335,-0.94045365,-0.93034816,-0.583481,-0.91422695,-1
-0.9136478,-0.9344799,-0.90071857,0.383544,-0.8381694,-0.8607739,-0.6080525,-0.91161716,-1
-0.9847221,-0.9683678,-0.9431865,0.48188806,-0.9304552,-0.9470221,-0.6691767,-0.9589514,-1
-0.97591937,-0.9703145,-0.96215093,0.42922798,-0.9419892,-0.94346774,-0.6737824,-0.98359877,-1
-0.94640046,-0.95625526,-0.9086109,0.3511264,-0.9440747,-0.95124507,-0.5848663,-0.97257864,-1
-0.9835628,-0.98317397,-0.9162772,0.37180996,-0.9766396,-0.96767265,-0.7980281,-0.9644258,-1
-0.9393982,-0.9625028,-0.8990951,0.36877826,-0.8992733,-0.9195447,-0.72031564,-0.9214861,-1
-0.97064435,-0.97166055,-0.8957382,0.30619705,-0.92251754,-0.9444219,-0.7634254,-0.97027725,-1
-0.9904949,-0.9926049,-0.9686544,0.3777128,-0.98412395,-0.97300583,-0.91441894,-0.99295104,-1
-0.9819565,-0.9861281,-0.9773025,0.56736976,-0.96661216,-0.9730786,-0.8589518,-0.9820828,-1
-0.94457746,-0.9339459,-0.828305,0.47945586,-0.9377879,-0.90077406,-0.5978312,-0.9358063,-1
-0.9234256,-0.9418066,-0.88523084,0.3710327,-0.9075882,-0.9147851,-0.6826016,-0.96421427,-1
-0.98633504,-0.9741542,-0.9557507,0.5355873,-0.9828442,-0.9656275,-0.7130596,-0.9814562,-1
-0.97856057,-0.9669196,-0.908872,0.45091197,-0.9549351,-0.95471907,-0.73754364,-0.97266424,-1
-0.97536737,-0.9751401,-0.9420022,0.436604,-0.9745108,-0.9743852,-0.83563775,-0.98085177,-1
-0.97408575,-0.9733,-0.9128233,0.4970706,-0.96899205,-0.9545046,-0.76426196,-0.97325504,-1
-0.9707915,-0.9780099,-0.91148007,0.30326608,-0.9677993,-0.9540868,-0.7605834,-0.96364635,-1
-0.9900594,-0.98836035,-0.95990175,0.46067786,-0.9744499,-0.97236127,-0.8088417,-0.9792026,-1
-0.95304054,-0.9783667,-0.9485512,0.4699996,-0.98144007,-0.9468135,-0.8422107,-0.9378488,-1
-0.95329577,-0.9534995,-0.8982434,0.3790456,-0.937815,-0.90836054,-0.77958614,-0.95607877,-1
-0.90894693,-0.94515973,-0.8677149,0.32508042,-0.9126366,-0.91089976,-0.5333433,-0.94322056,-1
-0.98838335,-0.98456854,-0.95887375,0.25761953,-0.9687091,-0.9667323,-0.8081186,-0.9807767,-1
-0.94776964,-0.9613394,-0.91502565,0.19019483,-0.9290197,-0.8532143,-0.6637119,-0.8950381,-1
-0.96256024,-0.9575834,-0.90521747,0.3159411,-0.90547395,-0.9023465,-0.61854047,-0.9529371,-1
-0.9629316,-0.978266,-0.9206001,0.48046654,-0.95763856,-0.9778448,-0.8747677,-0.991733,-1
-0.90424365,-0.94102645,-0.91545916,0.25686324,-0.8802547,-0.8817676,-0.6758953,-0.91598,-1
-0.989248,-0.99279916,-0.96739405,0.54425675,-0.95748097,-0.97996986,-0.87887204,-0.981984,-1
-0.9668045,-0.96104103,-0.8902575,0.48425192,-0.9552926,-0.9300789,-0.71982837,-0.9790728,-1
-0.94679564,-0.95509803,-0.87224054,0.43221852,-0.91960645,-0.9045186,-0.55948377,-0.91741765,-1
-0.96528566,-0.9551046,-0.8917681,0.31843156,-0.96582264,-0.9430164,-0.72569704,-0.94297373,-1
-0.98209584,-0.98284566,-0.9159431,0.549669,-0.94681156,-0.95785636,-0.7285433,-0.96302223,-1
-0.97577333,-0.98228097,-0.9678128,0.47409844,-0.9515528,-0.96473444,-0.6714261,-0.96893317,-1
-0.9829196,-0.98052734,-0.92866933,0.22498925,-0.9636444,-0.9563262,-0.65951914,-0.96484995,-1
-0.9840478,-0.96957487,-0.927017,0.5320756,-0.9572631,-0.94247395,-0.71417797,-0.963342,-1
-0.9683704,-0.9838915,-0.9330863,0.58414227,-0.97097534,-0.9480159,-0.73074305,-0.9694221,-1
-0.97636575,-0.9700828,-0.9299777,0.15859376,-0.9480447,-0.92934906,-0.7600862,-0.9642408,-1
-0.9646979,-0.96737874,-0.9064969,0.28080648,-0.9478608,-0.92429405,-0.69795537,-0.96047217,-1
-0.96877116,-0.9694892,-0.9010295,0.33064234,-0.94204134,-0.92540586,-0.64799535,-0.9639702,-1
-0.9283973,-0.9606846,-0.911598,0.3868395,-0.9621652,-0.94276285,-0.78884715,-0.9738236,-1
-0.9383726,-0.92839074,-0.9001952,0.2912755,-0.9075874,-0.83929026,-0.74677074,-0.9253133,-1
-0.95624113,-0.9779069,-0.96243286,0.56042784,-0.9400868,-0.95932287,-0.752416,-0.96899354,-1
-0.97187346,-0.97816634,-0.94661075,0.50960356,-0.9676691,-0.91533434,-0.82720506,-0.9608731,-1
-0.98069805,-0.9820781,-0.95199203,0.43332434,-0.9475003,-0.9608588,-0.73356324,-0.96187425,-1
-0.96999377,-0.96588546,-0.92612153,0.41858712,-0.959459,-0.93265206,-0.7866037,-0.97703236,-1
-0.97857857,-0.97286206,-0.9419267,0.6898183,-0.97290754,-0.9582239,-0.77375877,-0.97027844,-1
-0.9505731,-0.9463956,-0.92549294,0.038172085,-0.93256897,-0.8914557,-0.6763127,-0.9579359,-1
-0.99267906,-0.9712226,-0.964716,0.5871434,-0.9734982,-0.9650786,-0.74493414,-0.97934204,-1
-0.9536623,-0.94600654,-0.94825774,0.5003456,-0.9167942,-0.93170065,-0.63746774,-0.9398079,-1
-0.97521883,-0.95872104,-0.9175237,0.56380945,-0.93901485,-0.9214578,-0.7448274,-0.9396203,-1
-0.9832225,-0.97982085,-0.9424753,0.6643961,-0.9447748,-0.9700045,-0.779551,-0.9769817,-1
-0.9638837,-0.9427181,-0.8943548,0.2999231,-0.90057135,-0.8894649,-0.72230464,-0.9466369,-1
-0.9870032,-0.99370646,-0.9794745,0.53590846,-0.97431725,-0.98188835,-0.8241707,-0.982376,-1
-0.97176623,-0.96467173,-0.9088955,0.24630094,-0.8949119,-0.9507754,-0.7757431,-0.9405678,-1
-0.97945577,-0.9846671,-0.9451692,0.7185288,-0.95048165,-0.9544399,-0.69137096,-0.9767059,-1
-0.8820102,-0.90063965,-0.7910312,0.12240678,-0.87755626,-0.84217834,-0.6645996,-0.87854296,1
-0.9422957,-0.92626107,-0.89879006,0.23434687,-0.9107222,-0.9193307,-0.6426995,-0.9527747,-1
-0.96905506,-0.9806929,-0.9310121,0.03515391,-0.94764996,-0.9503622,-0.69435,-0.96754056,-1
-0.9721674,-0.9735357,-0.94249165,0.4573938,-0.9091068,-0.95560586,-0.7355858,-0.95938915,-1
-0.97055894,-0.96873075,-0.9388682,0.43481398,-0.96769935,-0.97327214,-0.735157,-0.9751697,-1
-0.97937,-0.976009,-0.95692563,0.5505445,-0.9513164,-0.9695364,-0.6731988,-0.97866166,-1
-0.92882746,-0.96262383,-0.8957761,0.37133574,-0.9057407,-0.9120228,-0.542711,-0.9204721,-1
-0.9854966,-0.9761593,-0.9360263,0.34298107,-0.89847153,-0.9360113,-0.81604934,-0.9798942,-1
-0.9560734,-0.9857454,-0.95622,0.40122205,-0.9437048,-0.9510622,-0.7957773,-0.9618785,-1
-0.9555494,-0.9642376,-0.9356173,0.4505197,-0.94476753,-0.9471232,-0.65861344,-0.95404434,-1
-0.9758442,-0.9645873,-0.92892253,0.40550387,-0.92781854,-0.9220021,-0.7995768,-0.9628857,-1
-0.9811421,-0.9790761,-0.9241019,0.46947387,-0.9799577,-0.96489877,-0.7872813,-0.9850966,-1
-0.9725977,-0.9714812,-0.89106876,0.39278665,-0.9566972,-0.9426283,-0.7600126,-0.9549069,-1
-0.9516089,-0.92373765,-0.8956495,0.26018512,-0.8965127,-0.8841443,-0.5799455,-0.9141614,-1
-0.9816034,-0.9845023,-0.933262,0.57109815,-0.97460514,-0.97617155,-0.8101838,-0.9832999,-1
-0.9629399,-0.94853514,-0.9047143,0.46719456,-0.9339852,-0.9436219,-0.7394105,-0.9750543,-1
-0.9643824,-0.98197657,-0.9538617,0.2815367,-0.9593922,-0.9744417,-0.7313929,-0.9779239,-1
-0.9844967,-0.97809774,-0.93005115,0.40185744,-0.964974,-0.96586996,-0.74310493,-0.9574746,-1
-0.99558276,-0.9855092,-0.957754,0.40404633,-0.9773051,-0.98372644,-0.9054685,-0.98264366,-1
-0.9787251,-0.9603053,-0.9296593,0.42038286,-0.9343961,-0.9352608,-0.6508422,-0.9427204,-1
-0.9656656,-0.9731488,-0.9337891,0.48720145,-0.9123102,-0.9761131,-0.78009033,-0.97707117,-1
-0.93258375,-0.90266013,-0.8540396,0.12787767,-0.8396953,-0.90951484,-0.74368596,-0.90972,-1
-0.95912164,-0.97349286,-0.9516223,0.1946605,-0.9506217,-0.9435615,-0.7469845,-0.9558326,-1
-0.9737577,-0.95431596,-0.9353641,0.35566092,-0.9623676,-0.920886,-0.70106167,-0.94315743,-1
-0.97692406,-0.9637086,-0.91699433,0.31317276,-0.9211004,-0.96410954,-0.7173253,-0.965988,-1
-0.96268755,-0.9490912,-0.9120837,0.39416507,-0.8821932,-0.9436059,-0.7917269,-0.95633835,-1
-0.9748557,-0.939991,-0.88752764,0.37631756,-0.94059944,-0.9558272,-0.6943255,-0.9541718,-1
-0.9871477,-0.96812034,-0.94148016,0.4706618,-0.9436199,-0.9511343,-0.74230015,-0.9823372,-1
-0.99166167,-0.9811808,-0.9736032,0.5669601,-0.97005165,-0.9571802,-0.7518957,-0.98503864,-1
-0.9853079,-0.9809453,-0.91124815,0.33721772,-0.96205604,-0.9585431,-0.7930252,-0.9656529,-1
-0.98232925,-0.9775637,-0.94178784,0.52291334,-0.9515683,-0.96274585,-0.79268473,-0.95552105,-1
-0.9670382,-0.9602753,-0.8982797,0.36341193,-0.9458656,-0.950821,-0.5413456,-0.9743757,-1
-0.9713405,-0.9660968,-0.90725064,0.52273685,-0.9539368,-0.9590814,-0.71442896,-0.97134215,-1
-0.9572405,-0.95364046,-0.8892832,0.31561205,-0.93997514,-0.9157517,-0.7170011,-0.95196414,-1
-0.9642475,-0.9398173,-0.9265449,0.14097792,-0.9425681,-0.9300738,-0.67700064,-0.9134155,-1
-0.9828792,-0.96493477,-0.9441464,0.38955733,-0.90696484,-0.95084465,-0.756046,-0.9596825,-1
-0.98384845,-0.977925,-0.9501008,0.0083629405,-0.9813754,-0.9794825,-0.81150204,-0.9777772,-1
-0.9580475,-0.93448627,-0.93117094,0.34641737,-0.94930017,-0.90574294,-0.81415546,-0.9552834,-1
-0.9188704,-0.9646639,-0.86122835,0.23694284,-0.9301308,-0.9352552,-0.808781,-0.9523307,-1
-0.9719681,-0.9870336,-0.97259784,0.34646747,-0.94992054,-0.94072914,-0.8640355,-0.9729006,-1
-0.9682646,-0.97121036,-0.9336353,0.391475,-0.9609364,-0.91581684,-0.85280484,-0.96807337,-1
-0.9557253,-0.9643022,-0.9296613,0.62066364,-0.93523926,-0.92741704,-0.7884716,-0.968449,-1
-0.96540105,-0.98057944,-0.9356313,0.2755809,-0.96893495,-0.9606178,-0.83704597,-0.9291174,-1
-0.98274916,-0.97116923,-0.9266298,0.24535312,-0.94773114,-0.93317616,-0.7877223,-0.9536285,-1
-0.9755658,-0.9569008,-0.856142,0.64833206,-0.8999499,-0.9312251,-0.7036046,-0.9514383,-1
-0.96404433,-0.9748123,-0.9149941,0.16053367,-0.95696616,-0.95843726,-0.61275613,-0.94911146,-1
-0.9623371,-0.9519909,-0.94647694,0.13869886,-0.8804834,-0.8672515,-0.6857635,-0.9597161,-1
-0.9839026,-0.9930363,-0.95117056,0.44805503,-0.9513904,-0.97243357,-0.8415206,-0.973548,-1
-0.96593404,-0.9455033,-0.8802661,0.24806717,-0.921996,-0.94078666,-0.7506156,-0.9445871,-1
-0.9492916,-0.9568607,-0.8990412,0.4005358,-0.93132883,-0.9139643,-0.8136842,-0.93245673,-1
-0.9572342,-0.94438475,-0.926842,0.40556633,-0.8851961,-0.8545066,-0.71176153,-0.9243716,-1
-0.9690601,-0.9758384,-0.9377988,0.48628187,-0.9516694,-0.972428,-0.72411454,-0.9733496,-1
-0.964033,-0.97329456,-0.8993242,0.5009595,-0.9615686,-0.9275416,-0.8338557,-0.95415336,-1
-0.995799,-0.9936944,-0.98072624,0.5433854,-0.9878579,-0.9881197,-0.80316514,-0.9922784,-1
-0.94885904,-0.9569966,-0.89381087,0.42378518,-0.9474073,-0.94547004,-0.6621939,-0.9727066,-1
-0.96636146,-0.93541956,-0.91760147,0.49165073,-0.91957104,-0.9093637,-0.7231439,-0.9190208,-1
-0.9707634,-0.97359914,-0.9065835,0.32696432,-0.9638161,-0.9686782,-0.747462,-0.9663419,-1
-0.85450953,-0.9027727,-0.86258006,0.44289374,-0.821307,-0.8629137,-0.6069257,-0.8972856,-1
-0.98153514,-0.9548281,-0.90437955,0.25379658,-0.9114265,-0.9438004,-0.7309816,-0.9416804,-1
-0.9264909,-0.94226927,-0.8881769,0.26973706,-0.8836786,-0.9123231,-0.7640889,-0.95112854,-1
-0.9802508,-0.9588475,-0.9301778,0.28971288,-0.92326796,-0.94296867,-0.6360228,-0.95909375,-1
-0.9712199,-0.97637224,-0.94048643,0.55646354,-0.9758154,-0.9342373,-0.61330104,-0.96990746,-1
-0.95895463,-0.95437694,-0.90822685,0.36215773,-0.92606556,-0.93851906,-0.7866048,-0.9600557,-1
-0.94355243,-0.93816125,-0.90721977,0.23207217,-0.8751517,-0.91162235,-0.778679,-0.9573231,-1
-0.9951297,-0.9930285,-0.9568979,0.3773972,-0.98076046,-0.9911564,-0.81842387,-0.9898808,-1
-0.98327255,-0.9713543,-0.9095739,0.28972712,-0.95214987,-0.9126233,-0.7144201,-0.9652814,-1
-0.908149,-0.8666215,-0.8531197,0.047357723,-0.82636476,-0.8740605,-0.66253376,-0.92458546,-1
-0.97346455,-0.97477096,-0.92652476,0.28557482,-0.9394811,-0.9350586,-0.6399529,-0.95197403,-1
-0.9083729,-0.91008455,-0.7710557,0.3805206,-0.8668011,-0.8781251,-0.66577846,-0.8997176,1
-0.9741352,-0.9747992,-0.8990228,0.4100991,-0.97066194,-0.9697952,-0.6988695,-0.985495,-1
-0.9642079,-0.9541403,-0.89570224,0.48386484,-0.91755044,-0.9605346,-0.6125562,-0.9706534,-1
-0.9754316,-0.9634554,-0.9367166,0.3755504,-0.9161984,-0.9485138,-0.85172534,-0.97878397,-1
-0.9754679,-0.9659014,-0.924661,0.34005928,-0.9065419,-0.95976996,-0.7601733,-0.93880314,-1
-0.96365505,-0.96893084,-0.9496292,0.5207926,-0.9331335,-0.92608076,-0.69515777,-0.96126735,-1
-0.9758829,-0.9729609,-0.9218664,0.5001931,-0.9688899,-0.95583713,-0.81434166,-0.9675619,-1
-0.9793681,-0.97600484,-0.95533305,0.11882288,-0.9585955,-0.957834,-0.72925353,-0.9630264,-1
-0.97889966,-0.9631637,-0.9351704,0.30399922,-0.95208555,-0.9511545,-0.77083546,-0.9675243,-1
-0.9829677,-0.9895133,-0.9355499,0.24090436,-0.9690584,-0.98241836,-0.85668594,-0.98437375,-1
-0.9820301,-0.9595433,-0.9171687,0.13470805,-0.9303709,-0.94551325,-0.7514834,-0.9723684,-1
-0.98324585,-0.98173416,-0.96891165,0.5470533,-0.9859805,-0.95757955,-0.8747691,-0.99054056,-1
-0.9703183,-0.9704824,-0.90996,0.36608863,-0.9438123,-0.9367873,-0.80438304,-0.97177184,-1
-0.96654975,-0.9632964,-0.92326444,0.5104078,-0.9463529,-0.924111,-0.8067899,-0.9200251,-1
-0.989615,-0.99164724,-0.9625349,0.65195584,-0.9796751,-0.9693196,-0.8484796,-0.98218435,-1
-0.9592079,-0.96295834,-0.91766953,0.41290322,-0.9479632,-0.95026404,-0.7351176,-0.9627427,-1
-0.94937444,-0.9735391,-0.91687196,0.53882915,-0.9178499,-0.9558697,-0.6366236,-0.96940726,-1
-0.96345806,-0.94444895,-0.90405965,0.45232734,-0.9286071,-0.9547736,-0.62796354,-0.9465446,-1
-0.9712717,-0.9541942,-0.8818704,0.44224545,-0.9330952,-0.94073904,-0.6944733,-0.9744811,-1
-0.90696657,-0.95044345,-0.86885947,0.4008365,-0.9174473,-0.89901,-0.7082508,-0.92923164,-1
-0.9622172,-0.97137004,-0.90976554,0.3581601,-0.934313,-0.91954094,-0.7580268,-0.9589805,-1
-0.9877894,-0.9861364,-0.96093154,0.50368714,-0.97733694,-0.9749621,-0.84531045,-0.97993934,-1
-0.9841937,-0.9781174,-0.9530846,0.21540897,-0.94832516,-0.9524614,-0.84253347,-0.9794482,-1
-0.9885197,-0.9795872,-0.9336731,0.36390546,-0.9843597,-0.9761723,-0.7013919,-0.98838407,-1
-0.98600113,-0.9845872,-0.95188075,0.5139636,-0.96252924,-0.96604055,-0.73587334,-0.98517257,-1
-0.95126784,-0.9499757,-0.907779,0.5134802,-0.94267046,-0.91950506,-0.82471025,-0.9489316,-1
-0.9694321,-0.955443,-0.94888026,0.49450496,-0.9136879,-0.9130365,-0.7479782,-0.9481287,-1
-0.9200854,-0.90365356,-0.8162037,0.2069032,-0.8870765,-0.88822687,-0.5290801,-0.91515934,1
-0.9788496,-0.9791322,-0.91513383,0.52965117,-0.9521677,-0.9443865,-0.7978533,-0.9766755,-1
-0.941857,-0.9252694,-0.9032297,0.38753703,-0.90711826,-0.92607814,-0.66664344,-0.93796504,-1
-0.9569966,-0.93187004,-0.9141609,0.44287407,-0.9309592,-0.93573284,-0.77597725,-0.95936966,-1
-0.9708206,-0.97326565,-0.91304326,0.40807542,-0.9296154,-0.95963967,-0.7343842,-0.9737739,-1
-0.9716306,-0.9623184,-0.8398283,0.1347174,-0.895389,-0.91442686,-0.7038972,-0.94203365,-1
-0.97671974,-0.96899205,-0.9316454,0.54125464,-0.96171874,-0.9572394,-0.8686944,-0.97858375,-1
-0.97128695,-0.98307157,-0.95570064,0.20311792,-0.9494845,-0.9427823,-0.84253204,-0.9493542,-1
-0.98482686,-0.9849927,-0.97367465,0.41097343,-0.97365344,-0.9727207,-0.83926535,-0.98468643,-1
-0.9932863,-0.98221016,-0.9691465,0.31446207,-0.9805856,-0.93983734,-0.8777224,-0.97176903,-1
-0.9778088,-0.9481316,-0.9042802,0.47642013,-0.97162926,-0.9673361,-0.6132818,-0.9719046,-1
-0.9664907,-0.97200996,-0.8553979,0.40186977,-0.9417134,-0.9421935,-0.65428084,-0.9626963,-1
-0.98704416,-0.9734788,-0.95485765,0.45570844,-0.9610871,-0.93586034,-0.85585153,-0.98172903,-1
-0.9424595,-0.9690395,-0.93599105,0.6261821,-0.93709826,-0.937222,-0.5877352,-0.9704163,-1
-0.9869983,-0.98862016,-0.9640138,0.25843018,-0.9694223,-0.96669596,-0.8589473,-0.97495306,-1
-0.9802603,-0.97605383,-0.91192746,0.4606672,-0.94332963,-0.9489244,-0.8166743,-0.9560042,-1
-0.9724768,-0.97169507,-0.9411067,0.2507399,-0.9349386,-0.9280863,-0.7465299,-0.9718347,-1
-0.9808196,-0.98970354,-0.96883917,0.45890066,-0.97107035,-0.97368616,-0.7374905,-0.9840746,-1
-0.9378029,-0.934316,-0.89033747,0.29286602,-0.8608144,-0.86405015,-0.6685289,-0.93275374,-1
-0.968379,-0.96805865,-0.95498085,0.3362816,-0.9303893,-0.9152016,-0.78742176,-0.96452135,-1
-0.9599303,-0.9424865,-0.88970596,0.18372387,-0.91512144,-0.94066393,-0.68218935,-0.9327544,-1
-0.9841751,-0.9854333,-0.9037775,0.39386335,-0.97456396,-0.9570696,-0.7538478,-0.9544918,-1
-0.96925616,-0.9473368,-0.90833014,0.41842076,-0.8876946,-0.9381505,-0.78568304,-0.9605644,-1
-0.946176,-0.96850306,-0.9300041,0.48949078,-0.93501884,-0.9344678,-0.7351762,-0.96054006,-1
-0.8916914,-0.8905839,-0.82140636,0.28274402,-0.88862556,-0.8439815,-0.6640551,-0.91860574,1
-0.9146465,-0.94767845,-0.8259295,0.20423405,-0.88982844,-0.9397621,-0.71296966,-0.9544678,-1
-0.9829903,-0.9772129,-0.9511688,0.58819234,-0.9758291,-0.944503,-0.81195766,-0.9762256,-1
-0.8726374,-0.9000466,-0.80835783,0.049946554,-0.8770966,-0.8892594,-0.7269766,-0.91473716,1
-0.97256964,-0.9849664,-0.9206101,0.5084959,-0.9636333,-0.950281,-0.67039555,-0.968468,-1
-0.9787284,-0.9660794,-0.9581493,0.5427049,-0.9750264,-0.9626729,-0.64500695,-0.9875184,-1
-0.9483302,-0.90104884,-0.87373215,0.23158614,-0.8932234,-0.9012495,-0.5921477,-0.9611377,-1
-0.9786743,-0.9735994,-0.92349786,0.38119915,-0.94443744,-0.9446214,-0.60862625,-0.9759273,-1
-0.93421173,-0.94741577,-0.8857894,0.40660837,-0.89854246,-0.90219766,-0.6435338,-0.9226315,-1
-0.9405001,-0.9449518,-0.8980766,0.45539775,-0.924568,-0.90525043,-0.61023647,-0.9505335,-1
-0.9719828,-0.9539441,-0.8857943,0.22409187,-0.9540991,-0.9526498,-0.6660023,-0.9763541,-1
-0.9888628,-0.9755619,-0.94056517,0.3337177,-0.95129365,-0.96491414,-0.738402,-0.98014754,-1
-0.984531,-0.98302037,-0.9437213,0.31881988,-0.9311938,-0.95264226,-0.7413921,-0.96977156,-1
-0.94231594,-0.95939934,-0.8954308,0.26544797,-0.9321486,-0.9369114,-0.68915296,-0.9364275,-1
-0.97729033,-0.98366946,-0.9740048,0.49580905,-0.96708816,-0.94030213,-0.69638133,-0.94540143,-1
-0.97029,-0.98860025,-0.9520184,0.36515585,-0.9610107,-0.9705752,-0.7242824,-0.9874304,-1
-0.9486716,-0.9622732,-0.88332653,0.37401098,-0.9282459,-0.91084754,-0.633349,-0.90456307,-1
-0.9721433,-0.96598816,-0.885209,0.33153224,-0.9445167,-0.90085334,-0.8412399,-0.9588748,-1
-0.9802301,-0.9673921,-0.95190245,0.4537549,-0.9228627,-0.93966866,-0.7039075,-0.9618671,-1
-0.9847084,-0.9869941,-0.96013653,0.36772963,-0.96417975,-0.94798076,-0.53798556,-0.95400596,-1
-0.9616949,-0.9620854,-0.8727462,0.24494645,-0.9375528,-0.96118516,-0.7609536,-0.962128,-1
-0.97290105,-0.9569302,-0.9184051,0.34962472,-0.9438489,-0.9468512,-0.7870286,-0.9700361,-1
-0.9811389,-0.96002984,-0.9595511,0.60782605,-0.9680328,-0.9489886,-0.82560784,-0.97172326,-1
-0.9819999,-0.9640849,-0.9335145,0.3117744,-0.9063281,-0.9219662,-0.6978391,-0.9510914,-1
-0.95501703,-0.94230884,-0.8445335,0.3108149,-0.897417,-0.899146,-0.76246583,-0.91322756,-1
-0.9266752,-0.94263417,-0.8998692,0.24777293,-0.8739468,-0.9334676,-0.5843075,-0.91699266,-1
-0.98847705,-0.9874301,-0.9747289,0.7165119,-0.96710545,-0.9718416,-0.75441676,-0.98293597,-1
-0.96895283,-0.9700472,-0.93213093,0.45480326,-0.92952824,-0.94149,-0.7496115,-0.97122014,-1
-0.9376616,-0.94595164,-0.92247736,0.5418243,-0.9398632,-0.8714246,-0.6010435,-0.9539308,-1
-0.9757246,-0.970068,-0.92261106,0.5651365,-0.9387099,-0.9620269,-0.67427975,-0.9671844,-1
-0.95434946,-0.9740314,-0.8827924,0.5984611,-0.927338,-0.94273144,-0.7023404,-0.96776533,-1
-0.95718014,-0.9806754,-0.93263465,0.514413,-0.9536891,-0.94578475,-0.7254927,-0.97679204,-1
-0.96514106,-0.92682964,-0.90694094,0.22946224,-0.8340483,-0.8936626,-0.6439348,-0.8893975,-1
-0.9955003,-0.99283063,-0.9813544,0.45517674,-0.95996004,-0.9602501,-0.9109816,-0.9842672,-1
-0.9546836,-0.9473028,-0.8843432,0.38071215,-0.95315564,-0.9008401,-0.796279,-0.9787106,-1
-0.9518756,-0.9585398,-0.88912773,0.43813804,-0.9242981,-0.918328,-0.7446927,-0.93447477,-1
-0.9722825,-0.9568046,-0.9464097,0.4841253,-0.9601529,-0.91034096,-0.74432796,-0.974329,-1
-0.937988,-0.93008864,-0.87384176,0.19358236,-0.9347161,-0.8505486,-0.7745535,-0.9384221,-1
-0.9732108,-0.96414465,-0.9134824,0.38021672,-0.9494522,-0.9722045,-0.58941185,-0.9710382,-1
-0.93518716,-0.95545596,-0.92940336,0.13235068,-0.9299614,-0.9254271,-0.6755435,-0.88037825,-1
-0.9505546,-0.9746993,-0.89714277,0.33711264,-0.9458373,-0.9459662,-0.73280674,-0.93181586,-1
-0.9862008,-0.99556583,-0.9709695,0.63272685,-0.9938051,-0.9837929,-0.8522637,-0.9860312,-1
-0.9744718,-0.974521,-0.8776562,0.5035638,-0.9543575,-0.9512036,-0.670177,-0.9557012,-1
-0.98405397,-0.9691835,-0.94972247,0.3665682,-0.95874196,-0.95952255,-0.71045053,-0.978271,-1
-0.950201,-0.9838034,-0.9408339,0.49740586,-0.9666048,-0.95148003,-0.75940037,-0.98300385,-1
-0.97498584,-0.989389,-0.9324541,0.40870842,-0.96031797,-0.9769096,-0.8425359,-0.98650026,-1
-0.95672,-0.93155724,-0.8881545,0.36253867,-0.90932137,-0.8729464,-0.69635934,-0.91074187,-1
-0.9840551,-0.9851246,-0.9610794,0.52444685,-0.9639044,-0.9672426,-0.8357819,-0.9724287,-1
-0.995575,-0.98889256,-0.9288322,0.6636934,-0.98029435,-0.9614029,-0.82549137,-0.9761001,-1
-0.96728086,-0.96653444,-0.9348149,0.26829737,-0.9565592,-0.94164115,-0.5605257,-0.9611675,-1
-0.9208248,-0.95597184,-0.8155916,0.24379785,-0.9490029,-0.9066563,-0.7066913,-0.9426926,1
-0.96474874,-0.9551732,-0.92150366,0.40830758,-0.9421758,-0.9094586,-0.8456677,-0.956825,-1
-0.97836035,-0.9673659,-0.94713295,0.4383006,-0.8800684,-0.9093446,-0.6470609,-0.94118375,-1
-0.95923674,-0.9522781,-0.80369437,0.51240593,-0.92573935,-0.869616,-0.7455581,-0.94402426,-1
-0.9761603,-0.9744398,-0.90712315,0.25301307,-0.92083347,-0.96005636,-0.6460316,-0.9556336,-1
-0.97669506,-0.9916503,-0.9369349,0.4748163,-0.9582129,-0.9756333,-0.6918494,-0.9911314,-1
-0.9917104,-0.9850738,-0.96682614,0.30379835,-0.96759266,-0.9681108,-0.86708933,-0.98312175,-1
-0.9503813,-0.9569283,-0.9069841,0.29968783,-0.8656564,-0.9287542,-0.6755094,-0.9622961,-1
-0.9721487,-0.94999015,-0.90832204,0.36020145,-0.9240016,-0.9336874,-0.7298172,-0.9622735,-1
-0.9789583,-0.96704644,-0.93113554,0.3955294,-0.93989563,-0.93422204,-0.74855727,-0.97471476,-1
-0.98550683,-0.99495655,-0.96478385,0.20947655,-0.9825075,-0.97388524,-0.8515784,-0.99043846,-1
-0.98829556,-0.9822882,-0.9462954,0.56810284,-0.9567456,-0.973639,-0.60535103,-0.97338307,-1
-0.96097064,-0.9716301,-0.9249898,0.23594737,-0.9491583,-0.9560474,-0.67575145,-0.96733856,-1
-0.92491907,-0.919949,-0.8824031,0.4871779,-0.9157457,-0.9014214,-0.5735662,-0.91498464,-1
-0.9832304,-0.98533255,-0.95959204,0.6560898,-0.94365627,-0.97486377,-0.84841734,-0.97873586,-1
-0.9612052,-0.97510034,-0.925647,0.5375173,-0.9503828,-0.9495866,-0.7524651,-0.97889143,-1
-0.9406483,-0.948542,-0.8635389,0.083157524,-0.945654,-0.9499509,-0.7592889,-0.9530755,-1
-0.98255205,-0.9769573,-0.9209454,0.29904163,-0.9330116,-0.9644736,-0.8750628,-0.97123766,-1
-0.9806166,-0.97468233,-0.9461764,0.59141797,-0.9521828,-0.9525348,-0.78928405,-0.9780857,-1
-0.9810965,-0.9814608,-0.9464941,0.5497068,-0.97300655,-0.9734229,-0.7942564,-0.98644465,-1
-0.9707644,-0.9664098,-0.90286326,0.052791536,-0.9544572,-0.9377083,-0.76726925,-0.9498002,-1
-0.9793325,-0.9800443,-0.9287079,0.32444417,-0.9628155,-0.96449065,-0.69535077,-0.98224896,-1
-0.9591258,-0.9531986,-0.90546006,0.3247699,-0.8984342,-0.90681654,-0.6964237,-0.95317245,-1
-0.9591567,-0.96805763,-0.93934697,0.3469546,-0.956014,-0.96935123,-0.6735823,-0.97246003,-1
-0.94750273,-0.9668949,-0.9300655,0.35777456,-0.9073155,-0.9280365,-0.7899646,-0.9292921,-1
-0.96126854,-0.972229,-0.92727363,0.33569422,-0.9542652,-0.9216358,-0.70067656,-0.94570255,-1
-0.98890334,-0.99283975,-0.96227306,0.46870396,-0.97451025,-0.96161664,-0.8616834,-0.9859187,-1
-0.9570917,-0.9567343,-0.9240699,0.24920644,-0.9122925,-0.9367397,-0.61409414,-0.9351224,-1
-0.97130007,-0.9814821,-0.91927546,0.32911217,-0.96733725,-0.9609826,-0.6181083,-0.96046424,-1
-0.96906084,-0.9771057,-0.9740533,0.35962912,-0.9696719,-0.9636027,-0.7327644,-0.9851517,-1
-0.97560316,-0.9769302,-0.93782794,0.34148714,-0.95759207,-0.9460855,-0.7485106,-0.97807235,-1
-0.9654643,-0.9772312,-0.9161588,0.49758798,-0.9093079,-0.95033497,-0.7593625,-0.95748794,-1
-0.9662855,-0.95380926,-0.9003256,0.4599982,-0.878807,-0.90879345,-0.66738683,-0.95743906,-1
-0.9539683,-0.93840754,-0.89381814,0.31340274,-0.88700706,-0.92725855,-0.6714521,-0.92045575,-1
-0.90312344,-0.95246214,-0.847613,0.25659406,-0.91414,-0.94103336,-0.6275051,-0.9075203,-1
-0.9746175,-0.92498827,-0.88353294,0.24740559,-0.92202705,-0.88906544,-0.7754594,-0.90845895,-1
-0.963031,-0.96514654,-0.8811947,0.30965444,-0.9115222,-0.960655,-0.7640544,-0.9397271,-1
-0.967014,-0.98259485,-0.9370727,0.356719,-0.9575207,-0.92110765,-0.7797217,-0.9472177,-1
-0.9658331,-0.9702331,-0.9012043,0.122796565,-0.95644665,-0.93854994,-0.7250037,-0.9509656,-1
-0.95602775,-0.9812673,-0.9583992,0.32508183,-0.95796007,-0.9666023,-0.7003248,-0.97692454,-1
-0.98308754,-0.9853793,-0.92977047,0.47041234,-0.9628174,-0.9631196,-0.7781305,-0.98218596,-1
-0.9753162,-0.9612911,-0.91665727,0.3547529,-0.9484617,-0.9430562,-0.75816154,-0.9463427,-1
-0.9521161,-0.9761986,-0.9301774,0.6827735,-0.9400386,-0.9230482,-0.76780796,-0.97541624,-1
-0.9769493,-0.986492,-0.95833033,0.6221015,-0.9784804,-0.9791173,-0.8435355,-0.992593,-1
-0.9822009,-0.9844874,-0.94233143,0.40822384,-0.9735003,-0.9671228,-0.76951516,-0.98686856,-1
-0.96752524,-0.938793,-0.9389346,0.5489974,-0.9314895,-0.93566954,-0.70870787,-0.96646315,-1
-0.9755544,-0.98295224,-0.93889016,0.42435342,-0.95338297,-0.9653987,-0.8437366,-0.9880453,-1
-0.96561176,-0.97780323,-0.9106393,0.51116574,-0.91336817,-0.94170624,-0.74266136,-0.9467167,-1
-0.9800446,-0.96844333,-0.90181345,0.2525406,-0.95197564,-0.9599473,-0.79873145,-0.9626711,-1
-0.95643663,-0.9606916,-0.91787016,0.35725874,-0.89811736,-0.9342252,-0.7232347,-0.91776204,-1
-0.98432827,-0.98801386,-0.94595873,0.3350611,-0.9446012,-0.94440377,-0.8083099,-0.97592866,-1
-0.98102975,-0.971736,-0.96994126,0.628508,-0.95495456,-0.93959135,-0.8119249,-0.9761351,-1
-0.9769598,-0.96500903,-0.9536405,0.48007774,-0.9659125,-0.9518014,-0.7412565,-0.9722159,-1
-0.97173834,-0.95748407,-0.9510008,0.20430064,-0.9218895,-0.9439804,-0.70079947,-0.93119323,-1
-0.9741736,-0.98221976,-0.9756572,0.34122747,-0.95332515,-0.9784413,-0.8278348,-0.9634781,-1
-0.98089033,-0.9760293,-0.9235938,0.3015805,-0.95323217,-0.9631554,-0.63752323,-0.9666244,-1
-0.98645943,-0.9820151,-0.96150804,0.38949528,-0.9773776,-0.9340517,-0.78161985,-0.983544,-1
-0.95343304,-0.93523484,-0.8725812,0.21580388,-0.86772895,-0.89763784,-0.58625895,-0.8899826,-1
-0.97099197,-0.97307104,-0.90716726,0.3155374,-0.92919505,-0.94408816,-0.8124325,-0.9685357,-1
-0.9424268,-0.9507634,-0.9189071,0.32033297,-0.9036578,-0.86208785,-0.6833174,-0.9152115,-1
-0.9924123,-0.98871654,-0.9397563,0.24877493,-0.95736957,-0.9742314,-0.7722151,-0.9807969,-1
-0.9650412,-0.96975857,-0.9053949,0.60452795,-0.94932866,-0.948598,-0.7056854,-0.97388446,-1
-0.9420064,-0.96120477,-0.94050807,0.45332283,-0.92512786,-0.9098751,-0.8167343,-0.95713,-1
-0.9363349,-0.9563134,-0.85700303,0.45179677,-0.918302,-0.9305804,-0.60215306,-0.95942986,-1
-0.9482936,-0.9581334,-0.93229544,0.46971932,-0.95764726,-0.8677209,-0.78406394,-0.8989998,-1
-0.9192414,-0.90442896,-0.91368496,0.16005524,-0.9018805,-0.91834384,-0.7084463,-0.9653802,-1
-0.9778604,-0.9658057,-0.92300457,0.44333476,-0.9556226,-0.9337254,-0.7178043,-0.96347725,-1
-0.9713345,-0.93251103,-0.8989917,0.3515886,-0.8843267,-0.92304385,-0.6592673,-0.91826475,-1
-0.90900975,-0.8974248,-0.78661305,0.12046917,-0.85645205,-0.8695626,-0.6019896,-0.91502786,1
-0.9850185,-0.9581667,-0.9147472,0.46003133,-0.97534543,-0.93926895,-0.8121321,-0.9685847,-1
-0.988032,-0.990913,-0.97760683,0.6853406,-0.9850565,-0.9781068,-0.8776117,-0.99024403,-1
-0.97786885,-0.96365714,-0.9097067,0.25265938,-0.9485384,-0.9448837,-0.6390638,-0.9487416,-1
-0.9518326,-0.95753855,-0.9075161,0.16213322,-0.94689953,-0.88590276,-0.7689401,-0.93867654,-1
-0.9621724,-0.957405,-0.88937354,0.49146992,-0.94957566,-0.9172273,-0.65500855,-0.95850164,-1
-0.9653988,-0.94712514,-0.90278625,0.3788444,-0.92744374,-0.92625993,-0.7209159,-0.9361048,-1
-0.9867967,-0.9752756,-0.90840626,0.49774787,-0.95902807,-0.9652007,-0.69319147,-0.97422063,-1
-0.9681161,-0.97616327,-0.9479738,0.67579776,-0.95509315,-0.9167199,-0.7781392,-0.95247036,-1
-0.9740658,-0.9892733,-0.90154165,0.5446922,-0.9599773,-0.9753656,-0.8049386,-0.98170406,-1
-0.9552652,-0.95836526,-0.9323812,0.30829486,-0.9204834,-0.91172653,-0.7659711,-0.9077608,-1
-0.9569944,-0.947725,-0.94867045,0.23591723,-0.93122494,-0.9236426,-0.6334939,-0.95517534,-1
-0.98260593,-0.9889804,-0.9519803,0.6324122,-0.9092013,-0.9760684,-0.74139124,-0.97687185,-1
-0.97283804,-0.96666616,-0.9097257,0.16762216,-0.95567185,-0.913127,-0.68858266,-0.9753708,-1
-0.94496363,-0.95172876,-0.89741,0.36362883,-0.9270436,-0.9004418,-0.70259905,-0.9156658,-1
-0.9745157,-0.96160877,-0.92887026,0.48507756,-0.9475104,-0.9309153,-0.77151096,-0.9505499,-1
-0.967537,-0.9555741,-0.894074,0.28479788,-0.8791208,-0.9230748,-0.58087116,-0.95081496,-1
-0.97958785,-0.96685493,-0.93481386,0.5419148,-0.9760248,-0.95966077,-0.78737307,-0.9714155,-1
-0.97437614,-0.96313626,-0.87299585,0.27738687,-0.95129347,-0.9306929,-0.7010199,-0.95699555,-1
-0.9657248,-0.95286864,-0.91418207,0.3910658,-0.95633626,-0.9482808,-0.6329006,-0.97372395,-1
-0.9759484,-0.97507954,-0.92793643,0.6455292,-0.9630762,-0.93378097,-0.7493327,-0.9621082,-1
-0.96278244,-0.9850111,-0.94070613,0.2790097,-0.95869195,-0.93938935,-0.8537438,-0.9828668,-1
-0.96457267,-0.9598349,-0.9051094,0.20145889,-0.96188664,-0.9257589,-0.7537993,-0.9398927,-1
-0.98743606,-0.9581844,-0.96063817,0.53579754,-0.95455736,-0.96115875,-0.634339,-0.9731823,-1
-0.96334,-0.9512745,-0.92785686,0.40566617,-0.90683955,-0.92776924,-0.64756864,-0.9307893,-1
-0.97785246,-0.9762351,-0.9538095,0.469449,-0.96763253,-0.9631886,-0.7769449,-0.98247105,-1
-0.98123306,-0.992239,-0.95316994,0.5346591,-0.9637394,-0.9423185,-0.83606744,-0.974813,-1
-0.98173124,-0.9936062,-0.937709,0.39003533,-0.9804394,-0.9835306,-0.8060691,-0.9912248,-1
-0.9771684,-0.97153264,-0.93398356,0.61734253,-0.9718564,-0.946251,-0.687754,-0.9676074,-1
-0.98106784,-0.95522314,-0.9443158,0.3215365,-0.9668171,-0.9620317,-0.81609225,-0.9644639,-1
-0.9812627,-0.96952736,-0.9424811,0.2838632,-0.933169,-0.955225,-0.78485286,-0.96090347,-1
-0.93594694,-0.95541173,-0.8571743,0.22488382,-0.91907305,-0.893931,-0.8237036,-0.95372623,-1
-0.96641976,-0.9662283,-0.8715331,0.34469587,-0.93508095,-0.9420591,-0.8074473,-0.9727877,-1
-0.97279656,-0.96889096,-0.8927469,0.47991118,-0.94520503,-0.9273107,-0.7389679,-0.94314224,-1
-0.9696633,-0.9740351,-0.928005,0.15803778,-0.93933326,-0.9319693,-0.6999159,-0.95316696,-1
-0.96346766,-0.9807686,-0.9321971,0.37836733,-0.9583711,-0.9674835,-0.70930845,-0.9772044,-1
-0.950564,-0.93253875,-0.91348773,0.15695798,-0.7993886,-0.887919,-0.6132154,-0.93890107,-1
-0.95213515,-0.9602586,-0.9274173,0.3437587,-0.9299889,-0.93327266,-0.7326293,-0.942226,-1
-0.9767576,-0.9748595,-0.9106689,0.3095768,-0.9447537,-0.96572226,-0.85828817,-0.9720811,-1
-0.968769,-0.9312911,-0.9281444,0.46410865,-0.95445347,-0.91345763,-0.736892,-0.94986016,-1
-0.9478141,-0.9793735,-0.9356075,0.34463155,-0.95501566,-0.9278571,-0.86267114,-0.9752613,-1
-0.9282909,-0.9544317,-0.85754746,0.31999472,-0.8455919,-0.92411894,-0.58394796,-0.9343454,-1
-0.98369026,-0.99555224,-0.96682066,0.56331736,-0.9844171,-0.9813977,-0.9026489,-0.98262364,-1
-0.9791868,-0.9736397,-0.9629872,0.5536762,-0.95260125,-0.9624958,-0.651692,-0.97884274,-1
-0.96451354,-0.96254706,-0.94270945,0.35870796,-0.93112683,-0.91365725,-0.5476695,-0.94839734,-1
-0.9636959,-0.95490104,-0.89498717,0.48425284,-0.9507544,-0.93931633,-0.7703126,-0.95946735,-1
-0.9491292,-0.95199853,-0.8605451,0.2663597,-0.9102795,-0.93009824,-0.78602284,-0.9097919,-1
-0.96675384,-0.98021203,-0.8873837,0.41526777,-0.9528081,-0.95114696,-0.8058403,-0.96621126,-1
-0.9900028,-0.9664232,-0.94819224,0.5111931,-0.9474302,-0.9320886,-0.7174792,-0.95123935,-1
-0.96766734,-0.97620046,-0.91077834,0.50335246,-0.9362425,-0.94686747,-0.6228401,-0.9516922,-1
-0.97405845,-0.93967676,-0.9159484,0.120716445,-0.88809556,-0.91542906,-0.7110953,-0.9365049,-1
-0.9855171,-0.9799788,-0.96226966,0.116585016,-0.9620932,-0.96140635,-0.8439483,-0.9822748,-1
-0.9773335,-0.97264653,-0.9202414,0.42554033,-0.9701229,-0.9327404,-0.81362,-0.9567956,-1
-0.9869709,-0.94883555,-0.94875866,0.2821365,-0.9547419,-0.97067213,-0.66903806,-0.975017,-1
-0.9646279,-0.9550404,-0.9318249,0.5137504,-0.9370442,-0.9410142,-0.7061521,-0.9610909,-1
-0.9769044,-0.96967137,-0.9061955,0.22307585,-0.9148123,-0.9575769,-0.6925056,-0.94928724,-1
-0.9724304,-0.9857397,-0.9652351,0.5446428,-0.96263075,-0.95694757,-0.7957225,-0.97409827,-1
-0.96104425,-0.96443814,-0.8927176,0.2559211,-0.942007,-0.9168042,-0.77621466,-0.94262916,-1
-0.9814779,-0.97738993,-0.94110894,0.51837486,-0.95685285,-0.97435325,-0.6968042,-0.9685886,-1
-0.9866808,-0.9820918,-0.9592879,0.59585786,-0.9693638,-0.97233325,-0.7579349,-0.9803393,-1
-0.9599401,-0.924887,-0.93345517,0.22092177,-0.9298862,-0.93162453,-0.58923703,-0.94094414,-1
-0.9717913,-0.97965467,-0.95773107,0.4564221,-0.9177046,-0.93245596,-0.7988803,-0.9642053,-1
-0.91929907,-0.9452553,-0.86654437,0.23510349,-0.8435462,-0.8510318,-0.680627,-0.90092593,1
-0.9493562,-0.9777844,-0.8493258,0.3911715,-0.93617207,-0.9278582,-0.7533774,-0.9558943,-1
-0.97926134,-0.9923117,-0.9777359,0.61338437,-0.9811981,-0.9750086,-0.8536424,-0.98687184,-1
-0.9577316,-0.9628123,-0.92313486,0.41521388,-0.90177894,-0.9483344,-0.62471926,-0.95426714,-1
-0.9481023,-0.9742799,-0.8473296,0.47220138,-0.88759136,-0.9235058,-0.6638079,-0.9625316,-1
-0.95337915,-0.9660753,-0.91205454,0.50666267,-0.9403452,-0.9171009,-0.7765983,-0.9613285,-1
-0.97860223,-0.9826293,-0.95617485,-0.059566427,-0.9564549,-0.96099037,-0.73637646,-0.9828444,-1
-0.9774269,-0.98764074,-0.9571668,0.43511498,-0.9782316,-0.9575483,-0.88077784,-0.9842457,-1
-0.9150937,-0.8633702,-0.7405917,0.38089857,-0.85826796,-0.8339751,-0.64865303,-0.89530236,1
-0.97337526,-0.95957214,-0.8542723,0.46754262,-0.96265113,-0.9496694,-0.64005274,-0.9432954,-1
-0.9457689,-0.9629669,-0.8922235,0.21802674,-0.9366654,-0.927117,-0.8027627,-0.9580493,-1
-0.9874884,-0.9796013,-0.9691702,0.16071863,-0.9497939,-0.9801837,-0.7196568,-0.9650616,-1
-0.975061,-0.9866832,-0.9424192,0.46643186,-0.95412046,-0.9566715,-0.7369921,-0.9773154,-1
-0.9773437,-0.9845593,-0.9059839,0.6899027,-0.96398854,-0.9642626,-0.7992523,-0.97344583,-1
-0.98013306,-0.9792383,-0.9097427,0.30102068,-0.95510846,-0.9251395,-0.7441028,-0.9663234,-1
-0.98130625,-0.9713618,-0.9636093,0.4549247,-0.96004045,-0.9606366,-0.69341755,-0.96208143,-1
-0.9776869,-0.98518145,-0.933057,0.6278272,-0.94126284,-0.9644617,-0.739259,-0.95744395,-1
-0.9784404,-0.95818645,-0.96660084,0.40623394,-0.9543084,-0.925317,-0.7483283,-0.9230342,-1
-0.9628153,-0.9795872,-0.915338,0.29754898,-0.9155103,-0.9609879,-0.7128742,-0.95345914,-1
-0.9702632,-0.98113453,-0.9542752,0.46440148,-0.95500666,-0.95840335,-0.85715544,-0.97275645,-1
-0.9592474,-0.9242461,-0.91622514,-0.049128186,-0.91170794,-0.92421305,-0.6554279,-0.91151935,-1
-0.98677045,-0.96641755,-0.9352265,0.4116574,-0.9612049,-0.95169616,-0.8003048,-0.93838274,-1
-0.96183616,-0.9728854,-0.8866638,0.4649587,-0.8981023,-0.95180285,-0.66939074,-0.9734638,-1
-0.9376311,-0.9695757,-0.9257177,0.14996123,-0.92053807,-0.9279788,-0.823957,-0.9792187,-1
-0.9536005,-0.95785326,-0.91561043,0.14349468,-0.96331644,-0.9158441,-0.87321204,-0.96355325,-1
-0.9758929,-0.9702939,-0.8891613,0.36670712,-0.9618592,-0.94267,-0.6298051,-0.95096993,-1
-0.95431757,-0.93278855,-0.90202934,0.07455571,-0.88785917,-0.9213071,-0.5636075,-0.94158125,-1
-0.97296077,-0.9753851,-0.92456,0.52004534,-0.9845572,-0.97049004,-0.8341207,-0.978941,-1
-0.94234383,-0.9529275,-0.902606,0.4864952,-0.9196551,-0.8617114,-0.78212976,-0.9409598,-1
-0.9679332,-0.94622874,-0.8827633,0.38346374,-0.9060029,-0.9383736,-0.7686546,-0.92869157,-1
-0.9583648,-0.93064076,-0.8817124,0.25884962,-0.89801663,-0.9010514,-0.7042609,-0.9256397,-1
-0.9813754,-0.98592305,-0.9432831,0.43503058,-0.9643517,-0.9702464,-0.67783177,-0.97872007,-1
-0.9723567,-0.9824137,-0.9489002,0.489263,-0.96031207,-0.9604261,-0.6361867,-0.97457194,-1
-0.9761529,-0.97701436,-0.9597807,0.5355706,-0.96226126,-0.9576139,-0.8202626,-0.98516566,-1
-0.9455924,-0.9003366,-0.8734875,0.2555531,-0.85471547,-0.880994,-0.62596774,-0.9202335,-1
-0.9330224,-0.927636,-0.911075,0.36920682,-0.9167131,-0.8847804,-0.6377856,-0.934154,-1
-0.960786,-0.95129377,-0.90323484,0.28882113,-0.94350684,-0.9360833,-0.8499758,-0.9442453,-1
-0.9664856,-0.9719031,-0.9363335,0.5911655,-0.9570721,-0.96282876,-0.7787683,-0.9709933,-1
-0.9640272,-0.95005745,-0.88382596,0.40840334,-0.9526461,-0.91455406,-0.65659666,-0.9436595,-1
-0.98283565,-0.9836061,-0.9185478,0.6410362,-0.9729275,-0.94490457,-0.70441115,-0.9662715,-1
-0.9676763,-0.9303452,-0.94065607,0.5776405,-0.94542766,-0.933555,-0.66703457,-0.9650607,-1
-0.9690071,-0.97325605,-0.92564577,0.2748604,-0.9740496,-0.9732528,-0.718884,-0.9785949,-1
-0.9708381,-0.92339206,-0.8888505,0.45239085,-0.91893387,-0.9260013,-0.7292511,-0.95934314,-1
-0.9701314,-0.96861035,-0.89249134,0.4561002,-0.9535354,-0.9333326,-0.62911665,-0.9595338,-1
-0.97563195,-0.9766928,-0.9049883,0.24477144,-0.91259366,-0.96246266,-0.703426,-0.9601842,-1
-0.9653133,-0.9583525,-0.88342696,0.48494342,-0.9499658,-0.9437613,-0.79488236,-0.94047403,-1
-0.938209,-0.91081804,-0.81971586,-0.012239672,-0.8547956,-0.8844521,-0.6434809,-0.9214208,1
-0.98678255,-0.96563166,-0.9118563,0.27326146,-0.9536765,-0.9608687,-0.61462057,-0.96627706,-1
-0.96385145,-0.9798681,-0.9248906,0.24005814,-0.9140985,-0.9569915,-0.82347924,-0.9764634,-1
-0.97273594,-0.9531891,-0.9173127,0.37028867,-0.9504993,-0.9374739,-0.8174945,-0.9509556,-1
-0.98223513,-0.98877376,-0.9664716,0.495118,-0.945968,-0.9482496,-0.8259806,-0.97673786,-1
-0.97619236,-0.968892,-0.94446176,0.5519313,-0.88090086,-0.9621023,-0.74154645,-0.95501363,-1
-0.95965916,-0.9751663,-0.84736794,0.4353751,-0.9156744,-0.95978534,-0.7146051,-0.9585867,-1
-0.9619888,-0.9375731,-0.87159485,0.42722607,-0.89868355,-0.89196426,-0.64052063,-0.92833906,-1
-0.9708434,-0.9696217,-0.92132753,0.4213614,-0.9502911,-0.9613695,-0.8072031,-0.9857613,-1
-0.92973936,-0.9272944,-0.84725016,0.103403255,-0.9080101,-0.89127207,-0.7567944,-0.9419532,-1
-0.972596,-0.9518232,-0.8914097,0.21185355,-0.9555328,-0.92968327,-0.72706026,-0.9490088,-1
-0.9709928,-0.967195,-0.9385473,0.4160889,-0.9644018,-0.96772635,-0.7127984,-0.9792182,-1
-0.9806799,-0.9801211,-0.9490579,0.30036882,-0.9762176,-0.95868707,-0.823964,-0.9749746,-1
-0.9791499,-0.9594629,-0.9104361,0.40998092,-0.90035874,-0.94341063,-0.6654578,-0.9612402,-1
-0.9929236,-0.9867965,-0.94555676,0.46519643,-0.95784307,-0.9680135,-0.80094326,-0.97575665,-1
-0.9293547,-0.9370992,-0.90630925,0.28694844,-0.8947644,-0.8882038,-0.51548636,-0.9341264,-1
-0.98372704,-0.98890316,-0.96778053,0.4081987,-0.97844434,-0.96689206,-0.7814192,-0.9720845,-1
-0.9739375,-0.97675395,-0.9279004,0.18948005,-0.94975096,-0.94836366,-0.70527524,-0.96911204,-1
-0.92890334,-0.94193375,-0.8936591,0.20424956,-0.9096682,-0.92877764,-0.6427072,-0.95272523,-1
-0.9809483,-0.98224217,-0.9205183,0.36245656,-0.9584598,-0.9454785,-0.7482226,-0.9542633,-1
-0.98970085,-0.984162,-0.9447562,0.54444975,-0.9708376,-0.973395,-0.7933741,-0.98201764,-1
-0.9785644,-0.9726304,-0.88198155,0.4360141,-0.9470457,-0.9395226,-0.80869424,-0.95072484,-1
-0.95554686,-0.9659469,-0.90393543,0.4333576,-0.9464743,-0.9266374,-0.6561832,-0.94433683,-1
-0.9625859,-0.9764795,-0.9493658,0.6543018,-0.92904884,-0.9503537,-0.71755815,-0.9756983,-1
-0.9520076,-0.96443176,-0.8807117,0.26387203,-0.8361621,-0.92749345,-0.7844759,-0.9390482,-1
-0.9541555,-0.9827564,-0.9675079,0.5284715,-0.9268375,-0.96672076,-0.7504797,-0.98598236,-1
-0.95309395,-0.93536836,-0.87505394,0.35097313,-0.9278051,-0.9449238,-0.64529747,-0.9397031,-1
-0.9636374,-0.980542,-0.9257862,0.4867603,-0.91681033,-0.9347502,-0.50557816,-0.9609151,-1
-0.99203753,-0.98902494,-0.95828193,0.6412019,-0.9745454,-0.9727983,-0.8802038,-0.98446447,-1
-0.96277744,-0.9683041,-0.8983053,0.27704012,-0.9168218,-0.976888,-0.7720663,-0.97871655,-1
-0.94825745,-0.95017797,-0.86218727,0.30733612,-0.9531826,-0.95778424,-0.6146636,-0.9217639,-1
-0.9879024,-0.9789176,-0.95491296,0.47073784,-0.959467,-0.96233183,-0.8043598,-0.98684734,-1
-0.99188256,-0.98940927,-0.9758187,0.4425251,-0.9809747,-0.97331667,-0.91215754,-0.9920936,-1
-0.9710846,-0.9798823,-0.91799104,0.23180617,-0.93624127,-0.97124135,-0.8377434,-0.9868699,-1
-0.985225,-0.9652273,-0.9573451,0.37946075,-0.96737754,-0.9440463,-0.8204884,-0.95634484,-1
-0.9570608,-0.9315046,-0.88677317,0.21889327,-0.91597176,-0.90714335,-0.7433357,-0.90904784,-1
-0.97867554,-0.97379524,-0.9269237,0.39682162,-0.948185,-0.9539139,-0.76618755,-0.9595094,-1
-0.98191494,-0.97863185,-0.9157727,0.54424703,-0.9738316,-0.9454536,-0.7393394,-0.9427496,-1
-0.96554565,-0.97886026,-0.9542682,0.43234655,-0.94692135,-0.9601401,-0.8340161,-0.97443503,-1
-0.9850439,-0.97744167,-0.9662411,0.4432436,-0.9233804,-0.9543323,-0.80537426,-0.95648485,-1
-0.9627679,-0.95892286,-0.94049114,0.35550174,-0.92154163,-0.94276196,-0.74980897,-0.9756298,-1
-0.9708373,-0.9768537,-0.890773,0.46839607,-0.94934833,-0.94801366,-0.72446793,-0.95538694,-1
-0.9497672,-0.97267914,-0.92030483,0.2299322,-0.9105778,-0.92997146,-0.68646,-0.95427746,-1
-0.979752,-0.9805303,-0.9629908,0.42027783,-0.9647074,-0.9638415,-0.78507966,-0.98242974,-1
-0.98457706,-0.9902508,-0.97182953,0.24597886,-0.9664898,-0.97765523,-0.84970194,-0.9822615,-1
-0.967325,-0.9586069,-0.9589066,0.36690053,-0.8683275,-0.94943905,-0.72476476,-0.9744966,-1
-0.96530104,-0.95813674,-0.8911868,0.45927942,-0.93376,-0.92736924,-0.7211022,-0.96148175,-1
-0.9894122,-0.9879737,-0.9534404,0.41919824,-0.974438,-0.97172916,-0.84411365,-0.98092127,-1
-0.9922723,-0.98445994,-0.9645723,0.3498282,-0.9618325,-0.98012507,-0.79909176,-0.98619163,-1
-0.9486965,-0.9620967,-0.9061605,0.34450415,-0.94369864,-0.94849265,-0.81540686,-0.92223537,-1
-0.97910756,-0.9516433,-0.9587717,0.31589952,-0.9369978,-0.93300086,-0.7913225,-0.92553365,-1
-0.9728416,-0.9386379,-0.93295175,0.16696072,-0.96199924,-0.9687797,-0.74072886,-0.9668182,-1
-0.97971493,-0.97498906,-0.9467225,0.34795007,-0.90164036,-0.9670637,-0.83279455,-0.9918524,-1
-0.95606875,-0.96617866,-0.9310289,0.49090484,-0.9419372,-0.94920015,-0.7186255,-0.96012473,-1
-0.9891966,-0.9858592,-0.9634143,0.5317389,-0.9735317,-0.96948296,-0.8554068,-0.9809543,-1
-0.97234994,-0.9723939,-0.91267294,0.2778451,-0.923394,-0.95969003,-0.8257808,-0.9666641,-1
-0.9757618,-0.9829457,-0.9521466,0.31951547,-0.9218512,-0.947968,-0.68571097,-0.97182214,-1
-0.9901185,-0.9690359,-0.9464773,0.44815865,-0.9702744,-0.93033165,-0.77800804,-0.94493586,-1
-0.98284066,-0.9874202,-0.9460496,0.58670914,-0.97320515,-0.9624536,-0.80379033,-0.97871786,-1
-0.9679201,-0.96871525,-0.91830665,0.4913321,-0.92101866,-0.92289126,-0.7096616,-0.94286615,-1
-0.97857213,-0.9667234,-0.93776894,0.49403808,-0.9518735,-0.95089114,-0.791899,-0.97007287,-1
-0.9902326,-0.9543205,-0.933965,0.53056675,-0.9413119,-0.96280056,-0.8237756,-0.972297,-1
-0.960333,-0.94992244,-0.88189363,0.38135028,-0.9491705,-0.9432498,-0.61319554,-0.94820327,-1
-0.9782102,-0.9784552,-0.96676254,0.40599325,-0.96459955,-0.93697137,-0.8212122,-0.9781618,-1
-0.9833661,-0.9857991,-0.95866674,0.43454552,-0.9436368,-0.95265126,-0.7842126,-0.9783133,-1
-0.98301166,-0.9612285,-0.86768335,0.32790342,-0.9582711,-0.9542003,-0.6208798,-0.97507674,-1
-0.9356099,-0.92610264,-0.8737327,0.17771447,-0.88598967,-0.850632,-0.60486656,-0.8758402,-1
-0.958185,-0.97005135,-0.9291609,0.36360282,-0.968747,-0.9407957,-0.7524447,-0.91881734,-1
-0.9862865,-0.9811447,-0.9495024,0.5965848,-0.9505953,-0.9495526,-0.7208512,-0.9840163,-1
-0.9822967,-0.98917,-0.9552555,0.41122794,-0.92880994,-0.96847767,-0.72712815,-0.97645694,-1
-0.9868992,-0.9817815,-0.9777315,0.45475134,-0.9522141,-0.97324926,-0.8692772,-0.9681284,-1
-0.9772209,-0.98084533,-0.8947441,0.4061848,-0.9292625,-0.9525688,-0.8479544,-0.9724605,-1
-0.95034766,-0.9343488,-0.93714404,0.2586863,-0.93977904,-0.89375484,-0.7816143,-0.9451859,-1
-0.98029137,-0.9771223,-0.9426223,0.3844235,-0.94677186,-0.9463316,-0.6721045,-0.9622939,-1
-0.9796781,-0.97259915,-0.9200941,0.39226654,-0.937328,-0.94378173,-0.7556877,-0.9777019,-1
-0.9774522,-0.96816707,-0.8790822,0.22764131,-0.97474724,-0.9488054,-0.63529986,-0.9772918,-1
-0.9881436,-0.9762248,-0.9476778,0.7238469,-0.95389026,-0.96394604,-0.7823331,-0.977214,-1
-0.98044705,-0.9773022,-0.9117216,0.37291044,-0.9536835,-0.97288203,-0.7618073,-0.97323155,-1
-0.98178136,-0.96852165,-0.9255118,0.420892,-0.94425684,-0.9669445,-0.6825479,-0.9696638,-1
-0.9805561,-0.9770375,-0.95371544,0.5420965,-0.936552,-0.9181814,-0.772058,-0.96458596,-1
-0.98504674,-0.98760957,-0.9355662,0.41125852,-0.98721135,-0.97757643,-0.812607,-0.9688709,-1
-0.9630765,-0.97381115,-0.88982105,0.22561221,-0.9496984,-0.9361177,-0.7035955,-0.961162,-1
-0.9906985,-0.9901189,-0.9661528,0.5525659,-0.97533643,-0.98144823,-0.7685841,-0.9829158,-1
-0.98806936,-0.96202654,-0.9444247,0.6497051,-0.96698874,-0.9301925,-0.801062,-0.9852774,-1
-0.97138983,-0.9626557,-0.9022989,0.34020212,-0.91734385,-0.93402267,-0.80805224,-0.96180564,-1
-0.9763927,-0.9671005,-0.8823459,0.42500052,-0.9666085,-0.94917226,-0.76498526,-0.96754855,-1
-0.9520689,-0.9350165,-0.9003075,0.019188305,-0.93060744,-0.9327879,-0.719544,-0.93525904,-1
-0.9565248,-0.98340946,-0.93284386,0.58793163,-0.9710624,-0.968523,-0.78607917,-0.9834143,-1
-0.9494884,-0.898487,-0.86193156,0.15072307,-0.9052193,-0.89488846,-0.59775436,-0.90851134,-1
-0.97724617,-0.9690002,-0.9550867,0.4755414,-0.9248358,-0.8983967,-0.70765114,-0.9535175,-1
-0.98293436,-0.9716171,-0.9461012,0.24079037,-0.95857984,-0.97110736,-0.6820634,-0.94101197,-1
-0.9753888,-0.983238,-0.96380323,0.36057726,-0.928034,-0.9620606,-0.7224911,-0.98707896,-1
-0.987821,-0.9891003,-0.9539969,0.6435328,-0.96720684,-0.98421377,-0.7995832,-0.9821218,-1
-0.9750756,-0.9788223,-0.94017506,0.43053493,-0.95503867,-0.9440036,-0.7028381,-0.9816997,-1
-0.9498176,-0.9698053,-0.93580306,0.5393303,-0.97615397,-0.92654425,-0.73285204,-0.95474744,-1
-0.92610824,-0.9485678,-0.8659449,0.17296046,-0.9060637,-0.89880973,-0.6026434,-0.95007694,-1
-0.9553316,-0.9714321,-0.9291348,0.47040558,-0.94206417,-0.923608,-0.72146195,-0.9572746,-1
-0.9657513,-0.96195436,-0.9302331,0.39025524,-0.95855194,-0.96980536,-0.6654877,-0.9521774,-1
-0.9580781,-0.9679954,-0.9188578,0.3149749,-0.962314,-0.9244444,-0.84759825,-0.9439382,-1
-0.9741135,-0.96980387,-0.9404974,0.6732406,-0.9521801,-0.9639198,-0.68503565,-0.9720729,-1
-0.97127163,-0.95421207,-0.8941333,0.43277523,-0.9325351,-0.95147943,-0.69017184,-0.9730452,-1
-0.9581238,-0.93854773,-0.88620037,0.40561667,-0.8601239,-0.93552333,-0.5829726,-0.9300576,-1
-0.9722056,-0.9624226,-0.9214883,0.42742217,-0.96548784,-0.9560515,-0.817341,-0.9746753,-1
-0.966522,-0.9790567,-0.85268456,0.54586965,-0.9636713,-0.9318999,-0.82739824,-0.97150993,-1
-0.9312885,-0.9748008,-0.87315655,0.51913273,-0.9507662,-0.93796444,-0.84630436,-0.9595316,-1
-0.9771704,-0.97398853,-0.9239789,0.39786083,-0.9496615,-0.9596308,-0.61814517,-0.9652809,-1
-0.94508123,-0.979157,-0.8725887,0.59052485,-0.96911794,-0.92724437,-0.7042791,-0.93705434,-1
-0.9390397,-0.91125107,-0.86684483,0.39910746,-0.9413691,-0.9147541,-0.7376138,-0.9197861,-1
-0.9745424,-0.9633478,-0.8664067,0.39817685,-0.9445443,-0.91222465,-0.7017931,-0.95057696,-1
-0.9724246,-0.95573366,-0.8899339,0.22896343,-0.9476767,-0.89097005,-0.73239154,-0.9527064,-1
-0.95543754,-0.972027,-0.9366587,0.58224845,-0.87815404,-0.94665146,-0.7842068,-0.968995,-1
-0.96343726,-0.97457445,-0.94644475,0.37377477,-0.9449195,-0.95898867,-0.6285314,-0.9615137,-1
-0.9709142,-0.97639525,-0.9352112,0.5527241,-0.9419956,-0.94712263,-0.68613636,-0.97616917,-1
-0.9530776,-0.9644612,-0.92695546,0.35457376,-0.95997727,-0.94565004,-0.72226197,-0.952846,-1
-0.91313213,-0.90619045,-0.87817234,0.35135025,-0.91407514,-0.85096014,-0.7547288,-0.94112575,-1
-0.948966,-0.9552448,-0.9303449,0.1666043,-0.9342575,-0.91430974,-0.8121714,-0.95899826,-1
-0.93905324,-0.96411216,-0.8914575,0.3773942,-0.91508234,-0.9147512,-0.6632584,-0.9626655,-1
-0.97643495,-0.9774623,-0.9442366,0.47771165,-0.9559023,-0.9546143,-0.7152309,-0.96961457,-1
-0.97006077,-0.97469306,-0.92398155,0.42106986,-0.9161624,-0.9345219,-0.815896,-0.96752465,-1
-0.9816931,-0.9834195,-0.94523823,0.46239406,-0.97139966,-0.976801,-0.6882371,-0.9856781,-1
-0.9377774,-0.93418974,-0.92502433,0.28309485,-0.9013186,-0.8554642,-0.68352723,-0.8841552,-1
-0.9076489,-0.9661057,-0.8914898,0.2253755,-0.91897935,-0.9409685,-0.779894,-0.94359845,-1
-0.9698762,-0.96861154,-0.8954481,0.33296022,-0.9565473,-0.96502644,-0.68004745,-0.9783273,-1
-0.9480078,-0.96541274,-0.9232923,0.38654444,-0.91637224,-0.9151847,-0.66323686,-0.9666984,-1
-0.98348564,-0.98686445,-0.9659573,0.35914156,-0.9568006,-0.9237217,-0.77036744,-0.9767847,-1
-0.93786454,-0.94347036,-0.8893209,0.38655242,-0.88314885,-0.90291464,-0.7136675,-0.935507,-1
-0.9789901,-0.98568743,-0.9682304,0.5184683,-0.96868014,-0.95204747,-0.78047043,-0.9854988,-1
-0.9061659,-0.94243056,-0.88370353,0.32633984,-0.89025193,-0.84187144,-0.6878514,-0.9278479,-1
-0.97270715,-0.98953867,-0.96243966,0.52347755,-0.9565817,-0.9766489,-0.8643163,-0.9842997,-1
-0.95328456,-0.96841854,-0.89174616,0.48090568,-0.92934847,-0.95120734,-0.7009087,-0.9676934,-1
-0.9880903,-0.9884417,-0.956341,0.49868757,-0.96487886,-0.9792482,-0.743012,-0.97871256,-1
-0.97011983,-0.965838,-0.8972366,0.4039919,-0.95023525,-0.9239899,-0.66662794,-0.9637995,-1
-0.9811068,-0.96448123,-0.9194256,0.33785945,-0.9173575,-0.9582068,-0.68791425,-0.97286445,-1
-0.97401816,-0.9523777,-0.86889887,0.35649508,-0.93162405,-0.9658131,-0.7384451,-0.96427923,-1
-0.9863565,-0.9790535,-0.94438773,0.2630469,-0.96253073,-0.9516749,-0.76463604,-0.9796514,-1
-0.9311803,-0.94351834,-0.9143213,0.34974787,-0.88077396,-0.90773815,-0.6396512,-0.9396498,-1
-0.95598465,-0.95277864,-0.87592506,0.3214272,-0.96091485,-0.9250904,-0.6542945,-0.9176274,-1
-0.95526487,-0.9370439,-0.85724086,0.27762145,-0.93731326,-0.90260935,-0.67201126,-0.9686344,-1
-0.9543447,-0.96906376,-0.90103215,0.34781402,-0.94854116,-0.9369744,-0.63257134,-0.8489383,-1
-0.94078356,-0.91734445,-0.83333814,0.26037005,-0.91578114,-0.9467292,-0.7018847,-0.9397907,-1
-0.980292,-0.97981626,-0.93033797,0.4198923,-0.9538921,-0.96240926,-0.80623984,-0.9698701,-1
-0.9371295,-0.9223956,-0.8859491,0.34542423,-0.8799022,-0.9044993,-0.5863753,-0.860516,-1
-0.9829727,-0.94564664,-0.934823,0.36410105,-0.90841544,-0.9524024,-0.64910156,-0.9680492,-1
-0.9872084,-0.98900676,-0.9518818,0.5211377,-0.95482737,-0.97522753,-0.66155636,-0.9807895,-1
-0.99199164,-0.9861149,-0.9634204,0.54932535,-0.9677709,-0.96859837,-0.83588535,-0.9857163,-1
-0.94234616,-0.9520671,-0.9030049,0.061162923,-0.95795745,-0.9293444,-0.7357077,-0.9621706,-1
-0.98963386,-0.98787993,-0.9681592,0.53024167,-0.9542604,-0.97968143,-0.78510314,-0.9831042,-1
-0.9548746,-0.9593951,-0.86582094,0.48382756,-0.9287728,-0.93256027,-0.79274464,-0.9493294,-1
-0.956549,-0.9543188,-0.8747701,0.2181091,-0.9226904,-0.9072333,-0.6955411,-0.9294485,-1
-0.9647834,-0.9242715,-0.8897147,0.21815221,-0.9438552,-0.8886833,-0.6306998,-0.89747626,-1
-0.9604298,-0.9446985,-0.8765668,0.46351698,-0.94290805,-0.8968315,-0.63844466,-0.9717232,-1
-0.9851097,-0.9758919,-0.95000184,0.46223983,-0.9596103,-0.9383603,-0.69021374,-0.9797625,-1
-0.96691304,-0.9439416,-0.91658235,0.20466128,-0.92434484,-0.8958691,-0.76415455,-0.95273286,-1
-0.98152924,-0.97875106,-0.92734015,0.5863343,-0.9624262,-0.94651157,-0.67289,-0.9747964,-1
-0.97505105,-0.96506757,-0.9316816,0.26048124,-0.93785787,-0.94686496,-0.72000617,-0.9496661,-1
-0.9786377,-0.9734395,-0.9222877,0.071639724,-0.8968071,-0.9742671,-0.76340365,-0.97368723,-1
-0.9762909,-0.9726473,-0.91788685,0.34206694,-0.9409111,-0.9306961,-0.75182194,-0.9499793,-1
-0.98731667,-0.9794498,-0.96983886,0.5030429,-0.9591224,-0.9699699,-0.7890233,-0.9784384,-1
-0.98317575,-0.97954315,-0.93161374,0.45905596,-0.96582466,-0.91300905,-0.7463791,-0.9365459,-1
-0.9664933,-0.98016834,-0.94116163,0.4278669,-0.9575329,-0.9410445,-0.6954999,-0.9742294,-1
-0.973882,-0.9637492,-0.8917355,0.25812897,-0.95817846,-0.94025946,-0.74000925,-0.9594321,-1
-0.9639411,-0.96740973,-0.93793845,0.27277532,-0.9098541,-0.9502499,-0.7191418,-0.9537351,-1
-0.9463774,-0.94412005,-0.90875196,0.46308538,-0.89117575,-0.91523504,-0.62231374,-0.95053285,-1
-0.9863599,-0.98633105,-0.96746635,0.27796248,-0.97063625,-0.97974867,-0.8125618,-0.97351027,-1
-0.9478821,-0.94444174,-0.89993584,0.37778485,-0.8949181,-0.9469947,-0.69998914,-0.94843894,-1
-0.9841344,-0.9858325,-0.9233507,0.31142682,-0.9716255,-0.9609034,-0.7969903,-0.9530125,-1
-0.970005,-0.95809114,-0.9003011,0.15027457,-0.9380523,-0.9271025,-0.6714538,-0.93229777,-1
-0.97474575,-0.97525865,-0.94983786,0.34873915,-0.96920073,-0.9398545,-0.66334873,-0.95276386,-1
-0.9561343,-0.9334005,-0.9240774,0.2397043,-0.9085144,-0.92884386,-0.7468781,-0.96015656,-1
-0.9956677,-0.98798543,-0.95001537,0.549856,-0.9807225,-0.99084663,-0.6708842,-0.9892145,-1
-0.99219465,-0.984425,-0.9693471,0.48620668,-0.9628166,-0.9694842,-0.7765562,-0.9861136,-1
-0.9896735,-0.95954,-0.94688463,0.59093845,-0.9721355,-0.96850586,-0.72371477,-0.97161126,-1
-0.97857875,-0.97689795,-0.9326059,0.24130394,-0.93430823,-0.9660867,-0.7019546,-0.9686741,-1
-0.9399996,-0.98209333,-0.92845213,0.37920097,-0.9337651,-0.96217024,-0.8002202,-0.97151077,-1
-0.9834115,-0.9869771,-0.933311,0.5060605,-0.96543205,-0.9499548,-0.79642355,-0.9616101,-1
-0.9785564,-0.96490794,-0.9031097,0.27732813,-0.90204525,-0.94678324,-0.7639844,-0.97056335,-1
-0.98688304,-0.989114,-0.92658985,0.6300661,-0.98032725,-0.9701818,-0.8439314,-0.9894227,-1
-0.98005843,-0.9721162,-0.95248836,0.3511991,-0.9342211,-0.96847373,-0.8414557,-0.96934503,-1
-0.9865961,-0.9763726,-0.93864095,0.33848593,-0.90002817,-0.9652272,-0.69023275,-0.97887737,-1
-0.9336538,-0.9408566,-0.8979586,0.48707253,-0.93236053,-0.9294706,-0.75616544,-0.95344824,-1
-0.9471921,-0.9646161,-0.9391124,0.42329133,-0.94673914,-0.92962146,-0.6580961,-0.95932174,-1
-0.94502985,-0.9322133,-0.89775735,0.3106656,-0.95087695,-0.9335406,-0.7438924,-0.96533746,-1
-0.9676524,-0.9714107,-0.94030386,0.5147062,-0.9227239,-0.91940874,-0.7441216,-0.96976507,-1
-0.9920374,-0.97641456,-0.9726531,0.26906076,-0.9561487,-0.9721816,-0.7864228,-0.9834121,-1
-0.9052698,-0.93202704,-0.84331214,0.3453127,-0.94315976,-0.9082946,-0.63397837,-0.9013039,-1
-0.966698,-0.9540919,-0.94286174,0.36323845,-0.9395552,-0.9237419,-0.66301256,-0.9574207,-1
-0.9803515,-0.98179674,-0.93553275,0.35658848,-0.9327523,-0.9609617,-0.7001177,-0.95257795,-1
-0.91000056,-0.9009169,-0.83255535,0.48623335,-0.8797347,-0.8628015,-0.66858345,-0.8688826,-1
-0.94617635,-0.95917577,-0.88621294,0.5021421,-0.94298995,-0.9364927,-0.6779118,-0.94728595,-1
-0.9842432,-0.9851414,-0.972906,0.51396966,-0.9599418,-0.972538,-0.6849166,-0.9817604,-1
-0.9614164,-0.97141236,-0.93435735,0.20056717,-0.8785709,-0.940763,-0.71167225,-0.9620902,-1
-0.96633875,-0.98842186,-0.91612256,0.4862067,-0.9619308,-0.9730134,-0.70341873,-0.9865437,-1
-0.9499759,-0.92669535,-0.9201044,-0.00013468784,-0.8914061,-0.87807554,-0.57977164,-0.9134095,-1
-0.9364556,-0.9593614,-0.86244977,0.38792267,-0.93359935,-0.8880277,-0.5804845,-0.9550621,-1
-0.9713244,-0.96281207,-0.8878975,0.5248221,-0.9097369,-0.94818234,-0.7180344,-0.96178925,-1
-0.9871914,-0.9824063,-0.9446895,0.50196534,-0.9613962,-0.941882,-0.84695375,-0.9694274,-1
-0.9354226,-0.93388546,-0.85908943,0.3481986,-0.89409953,-0.8816556,-0.68369544,-0.90540487,-1
-0.9745507,-0.95767426,-0.9048492,0.3281482,-0.92070353,-0.92549914,-0.64742374,-0.9579407,-1
-0.9739197,-0.9464861,-0.89232403,0.47017676,-0.91923505,-0.92396206,-0.6887147,-0.945437,-1
-0.98594004,-0.9815566,-0.9497995,0.48009807,-0.9433308,-0.94928205,-0.7211987,-0.963181,-1
-0.9848491,-0.97021073,-0.94696295,0.53359926,-0.9657416,-0.9384901,-0.77354866,-0.9622467,-1
-0.9678528,-0.9760012,-0.9278811,0.4100221,-0.9234788,-0.9607691,-0.6155758,-0.9542938,-1
-0.96085924,-0.98779494,-0.924913,0.40033838,-0.9672956,-0.9722851,-0.7657975,-0.97893775,-1
-0.9410025,-0.9003412,-0.8493446,0.2563674,-0.8978725,-0.90106666,-0.7041492,-0.8934705,-1
-0.87836844,-0.9328744,-0.80942345,0.13094382,-0.8922501,-0.8987974,-0.60998565,-0.92943275,1
-0.9762908,-0.98715353,-0.9487823,0.44094604,-0.959889,-0.9702825,-0.80401564,-0.9815014,-1
-0.9921697,-0.9950821,-0.9570276,0.7102193,-0.9807732,-0.9847126,-0.8445752,-0.9843554,-1
-0.96115553,-0.946575,-0.93773586,0.2544769,-0.9300996,-0.9108824,-0.6785282,-0.9565739,-1
-0.9291989,-0.9463141,-0.8673681,0.15291458,-0.9329693,-0.9092233,-0.7032251,-0.9556734,-1
-0.9887944,-0.98061717,-0.9717309,0.70488256,-0.9798394,-0.9760999,-0.8314072,-0.9869876,-1
-0.98361,-0.9850101,-0.95926034,0.60671085,-0.9475638,-0.9782335,-0.75008875,-0.97600716,-1
-0.9431408,-0.9579576,-0.9035249,0.18307239,-0.8779233,-0.9293495,-0.6462735,-0.9733272,-1
-0.9723597,-0.97880226,-0.95136565,0.3916732,-0.9512442,-0.9749469,-0.8095262,-0.97683424,-1
-0.9505922,-0.9662211,-0.88693875,0.5463346,-0.9561004,-0.940917,-0.46528783,-0.91223645,-1
-0.97553873,-0.98350996,-0.94613034,0.36119577,-0.9472301,-0.9371022,-0.7801392,-0.9718216,-1
-0.96435297,-0.96334195,-0.9202239,0.2793376,-0.9675971,-0.93904704,-0.7965531,-0.96785647,-1
-0.96545553,-0.96649,-0.8987314,0.34657285,-0.8929237,-0.9515528,-0.7319551,-0.945554,-1
-0.96824723,-0.97352356,-0.9613911,0.37921262,-0.91557467,-0.95199317,-0.6069928,-0.96723795,-1
-0.96311444,-0.96149826,-0.90744585,0.4264244,-0.9773322,-0.92537844,-0.85877556,-0.9451611,-1
-0.9699309,-0.9627377,-0.9143766,0.2932781,-0.91174954,-0.9442415,-0.72670656,-0.9644388,-1
-0.95492446,-0.97147536,-0.9165786,0.34524065,-0.9330634,-0.93994045,-0.60715747,-0.9759074,-1
-0.9777051,-0.96206033,-0.95219195,0.33171126,-0.95577675,-0.9362427,-0.5490024,-0.9349335,-1
-0.94618976,-0.94722676,-0.91210496,0.3437683,-0.93444943,-0.9475042,-0.71627915,-0.9358367,-1
-0.9541776,-0.96022195,-0.89655966,0.42360184,-0.89235884,-0.93448824,-0.69913316,-0.9250931,-1
-0.9885842,-0.9904757,-0.9593155,0.4588338,-0.97791696,-0.97304404,-0.7716472,-0.9724185,-1
-0.9821726,-0.98284,-0.9546626,0.47581747,-0.94649744,-0.9611511,-0.7668827,-0.9826045,-1
-0.9585061,-0.9652145,-0.909499,0.41779175,-0.9551026,-0.9421883,-0.697934,-0.956204,-1
-0.94485676,-0.96031743,-0.9342028,0.28605613,-0.9111597,-0.94887704,-0.7085182,-0.9618898,-1
-0.96636677,-0.979224,-0.9512593,0.47529507,-0.9620693,-0.96581846,-0.6439727,-0.97470963,-1
-0.9642021,-0.97457564,-0.9395406,0.61880267,-0.94300956,-0.95724934,-0.7567018,-0.97251296,-1
-0.99250954,-0.98878115,-0.9453248,0.44135052,-0.9800773,-0.9813993,-0.854051,-0.98942524,-1
-0.96572495,-0.9773511,-0.8992672,0.3416381,-0.951144,-0.9401915,-0.7694868,-0.9475969,-1
-0.9671064,-0.9750695,-0.96458334,0.24381185,-0.9559007,-0.9678571,-0.7533428,-0.9700813,-1
-0.99466777,-0.99231064,-0.96860266,0.5384694,-0.9839822,-0.97493976,-0.8681426,-0.9744579,-1
-0.9841316,-0.9721832,-0.94349825,0.37654555,-0.96824527,-0.9596974,-0.87056154,-0.97430414,-1
-0.9609232,-0.96971214,-0.9136172,0.4692284,-0.94801056,-0.9352668,-0.75105685,-0.9378175,-1
-0.97136045,-0.9514549,-0.91381407,0.42315945,-0.88819253,-0.93496716,-0.7726347,-0.9448259,-1
-0.9748652,-0.95428556,-0.94212645,0.4624575,-0.9218909,-0.9143239,-0.7827713,-0.9547081,-1
-0.96270496,-0.9684121,-0.9044489,0.2875511,-0.92502075,-0.9361708,-0.77912545,-0.92058665,-1
-0.9749697,-0.9754664,-0.9425601,0.3775223,-0.9457504,-0.94720566,-0.725569,-0.9685638,-1
-0.9853288,-0.97984844,-0.9367772,0.45056018,-0.97959846,-0.96996117,-0.70575947,-0.98109573,-1
-0.951274,-0.9538284,-0.9263015,0.3323295,-0.8436358,-0.9079213,-0.64040685,-0.92641354,-1
-0.9607723,-0.9514014,-0.89255834,0.25043267,-0.92006254,-0.93528664,-0.61533636,-0.9284326,-1
-0.9558509,-0.95203334,-0.88830906,0.44255307,-0.9435388,-0.95652777,-0.6637085,-0.96694,-1
-0.9787545,-0.97929657,-0.8908957,0.45796642,-0.9344982,-0.9547762,-0.7564649,-0.9403522,-1
-0.9638354,-0.9483522,-0.8860953,0.4373505,-0.9088315,-0.9127926,-0.6964994,-0.92602223,-1
-0.97858936,-0.97944504,-0.9087005,0.37172055,-0.9746572,-0.96355045,-0.78747964,-0.98364514,-1
-0.98557,-0.9813882,-0.9431307,0.6505189,-0.96990335,-0.9654593,-0.8011768,-0.97911173,-1
-0.9736443,-0.97424215,-0.93740004,0.450987,-0.9500888,-0.95313054,-0.67862266,-0.9705752,-1
-0.9358288,-0.95268214,-0.8938552,0.16256201,-0.9242641,-0.92030895,-0.78278565,-0.9209374,-1
-0.9787605,-0.973134,-0.96798295,0.6118413,-0.9738134,-0.9563595,-0.8150091,-0.98006004,-1
-0.9831487,-0.970943,-0.9277541,0.44434986,-0.9645795,-0.9668726,-0.711359,-0.9832815,-1
-0.9467858,-0.9502858,-0.86466026,0.34436005,-0.8908728,-0.94680214,-0.59431887,-0.9232442,-1
-0.9713395,-0.93560255,-0.9141204,0.5141213,-0.9219377,-0.9121457,-0.72265184,-0.96544695,-1
-0.9758655,-0.9585889,-0.9498693,0.54031557,-0.90037996,-0.9223604,-0.7392694,-0.93340045,-1
-0.91164124,-0.9289336,-0.8289213,0.19540264,-0.89726746,-0.94798493,-0.752903,-0.8946415,-1
-0.8947126,-0.93881124,-0.8687615,0.32338667,-0.9148249,-0.9396982,-0.7277853,-0.91717815,-1
-0.93389827,-0.9013305,-0.85573083,0.15425912,-0.8514785,-0.87197816,-0.6333695,-0.91412973,-1
-0.9513037,-0.94281656,-0.93256605,0.38374755,-0.9265875,-0.8851462,-0.7545703,-0.9513738,-1
-0.9636139,-0.9782273,-0.9491142,0.3979696,-0.9477858,-0.96570367,-0.8204385,-0.9673196,-1
-0.99023366,-0.9818771,-0.9143545,0.51693755,-0.9708381,-0.95598733,-0.83914703,-0.96554005,-1
-0.9449461,-0.9742592,-0.9111449,0.34735692,-0.9357881,-0.9343562,-0.70518833,-0.93668216,-1
-0.9574323,-0.9511001,-0.8240124,0.27461866,-0.91291076,-0.92970645,-0.69428515,-0.9612794,-1
-0.970405,-0.9714022,-0.8968534,0.588371,-0.9367478,-0.9121833,-0.6158663,-0.97564214,-1
-0.9779377,-0.98457664,-0.94559264,0.60823864,-0.92876,-0.97477907,-0.8086432,-0.9771925,-1
-0.96853364,-0.959877,-0.9366177,0.29660276,-0.94044894,-0.9395084,-0.60472345,-0.9338165,-1
-0.9693808,-0.9739929,-0.90316886,0.48204032,-0.9521242,-0.9401653,-0.75660676,-0.9555125,-1
-0.9848441,-0.976061,-0.9366158,0.39478382,-0.9372075,-0.965761,-0.75213826,-0.9789106,-1
-0.9695142,-0.9774072,-0.8992187,0.5004209,-0.9610996,-0.943374,-0.7658776,-0.9696994,-1
-0.9688738,-0.9664696,-0.91186756,0.61565214,-0.96156037,-0.9594933,-0.7849791,-0.9758819,-1
-0.9684053,-0.9321265,-0.81223017,0.3045789,-0.9003024,-0.93042874,-0.5286009,-0.95003444,-1
-0.9840406,-0.9824527,-0.9556934,0.4343849,-0.9706423,-0.9603548,-0.7794454,-0.9826501,-1
-0.9529461,-0.967535,-0.91094667,0.2413627,-0.9532313,-0.9477884,-0.82818836,-0.9715135,-1
-0.9381353,-0.96155363,-0.92189974,0.050729632,-0.8767225,-0.86394465,-0.7556754,-0.9259697,-1
-0.97880924,-0.94931835,-0.87143636,0.5487425,-0.95166636,-0.95619196,-0.5372371,-0.97637856,-1
-0.96929914,-0.9304578,-0.8927281,0.30969286,-0.8775054,-0.9099456,-0.78173417,-0.9717402,-1
-0.9808986,-0.9412051,-0.94125783,0.5129107,-0.9270758,-0.9240427,-0.7427141,-0.9453792,-1
-0.94308853,-0.90566254,-0.8481921,0.25864407,-0.90230083,-0.9072958,-0.6831133,-0.9167898,-1
-0.97470367,-0.95743936,-0.888073,0.12487533,-0.94167334,-0.9082053,-0.68583554,-0.94217324,-1
-0.9593809,-0.97425747,-0.93016577,0.42155442,-0.9593908,-0.91704607,-0.83291245,-0.9559609,-1
-0.9620278,-0.950924,-0.89637065,0.4342721,-0.9287878,-0.8905826,-0.703908,-0.92461884,-1
-0.9187669,-0.9475836,-0.88421136,0.2878569,-0.931347,-0.944742,-0.6807326,-0.97105795,-1
-0.9792374,-0.9830883,-0.94166267,0.38898018,-0.9456699,-0.9676089,-0.74342656,-0.9594609,-1
-0.9884446,-0.9852385,-0.97391295,0.5112353,-0.961417,-0.9742194,-0.76954854,-0.98053277,-1
-0.97727543,-0.98518014,-0.9282404,0.26695466,-0.95980424,-0.95462054,-0.67680556,-0.9528805,-1
-0.9815905,-0.97785825,-0.905812,0.43281746,-0.94614685,-0.960125,-0.5559308,-0.9791585,-1
-0.9511089,-0.9618187,-0.9139438,0.45470363,-0.9351459,-0.9224104,-0.8094557,-0.9384907,-1
-0.97995436,-0.9711572,-0.92640114,0.30645916,-0.9548775,-0.96780086,-0.7262788,-0.9795072,-1
-0.9737376,-0.96254086,-0.93343276,0.5149507,-0.9215866,-0.9277383,-0.7584323,-0.96371025,-1
-0.9771714,-0.9761357,-0.9490884,0.26043722,-0.9257721,-0.9097252,-0.80834657,-0.96662796,-1
-0.96257687,-0.948546,-0.91777784,0.38973626,-0.91137075,-0.92258376,-0.6315928,-0.93992007,-1
-0.93931997,-0.985457,-0.9453865,0.5421071,-0.95915973,-0.95057935,-0.7145784,-0.95786804,-1
-0.9844374,-0.98876065,-0.9549772,0.43217185,-0.96365625,-0.9622801,-0.7894758,-0.96518606,-1
-0.98297393,-0.9814713,-0.9470374,0.33961606,-0.94829357,-0.9657554,-0.78032154,-0.9699902,-1
-0.9599493,-0.9542396,-0.9104522,0.5839099,-0.905019,-0.9354041,-0.7667711,-0.96490335,-1
-0.9300242,-0.93260366,-0.85453737,0.23050028,-0.90672314,-0.90004283,-0.65415263,-0.9127845,-1
-0.9882901,-0.9888024,-0.91342443,0.42797536,-0.9680066,-0.98498476,-0.80711997,-0.9749273,-1
-0.9835868,-0.98566955,-0.9408139,0.53489316,-0.9590245,-0.9476564,-0.7824473,-0.96302575,-1
-0.9599743,-0.9503722,-0.8548,0.5582047,-0.88119566,-0.8971614,-0.67363644,-0.9385661,-1
-0.9079858,-0.9731754,-0.81128496,0.31602454,-0.9397155,-0.92699707,-0.7063873,-0.9718054,-1
-0.97238326,-0.9689901,-0.91626275,0.39113227,-0.9750534,-0.94833755,-0.72778666,-0.9737168,-1
-0.9763107,-0.9551602,-0.85128295,0.44014266,-0.91788495,-0.95075446,-0.7026088,-0.9616766,-1
-0.9611635,-0.939508,-0.8807707,0.58980566,-0.9271041,-0.9114285,-0.7350328,-0.9323514,-1
-0.9707627,-0.9769074,-0.92806625,0.51940054,-0.97495186,-0.9375424,-0.7574872,-0.96428597,-1
-0.96989685,-0.9568889,-0.90996116,0.43445128,-0.9560894,-0.9097186,-0.68466663,-0.9725369,-1
-0.9480858,-0.96888345,-0.91002333,0.3584513,-0.9417837,-0.962102,-0.6134414,-0.9580288,-1
-0.9712779,-0.9883313,-0.9650629,0.2775608,-0.96889174,-0.9712483,-0.9149932,-0.9830063,-1
-0.97981626,-0.97943586,-0.94900256,0.43585223,-0.9434067,-0.95452434,-0.6741671,-0.9839421,-1
-0.9563314,-0.9655978,-0.8900432,0.058396928,-0.95384914,-0.9461812,-0.720795,-0.9218805,-1
-0.9745658,-0.97713405,-0.9558973,0.47463998,-0.95275,-0.9702208,-0.73221034,-0.9798914,-1
-0.9627838,-0.93022186,-0.8787286,0.38306665,-0.92555505,-0.9503782,-0.49245995,-0.93307424,-1
-0.9508074,-0.9240466,-0.90732586,0.3516629,-0.91854084,-0.8914551,-0.795076,-0.94035655,-1
-0.96256816,-0.95771205,-0.8834193,0.43171236,-0.9330327,-0.9113071,-0.61428505,-0.9670866,-1
-0.9495887,-0.96826726,-0.884423,0.48799136,-0.95593053,-0.9088485,-0.7771274,-0.9480968,-1
-0.97316825,-0.96324974,-0.9316828,0.564232,-0.9466104,-0.9569504,-0.7760239,-0.9782862,-1
-0.982237,-0.9694435,-0.91239154,0.4472886,-0.9523587,-0.9455187,-0.68947905,-0.9668155,-1
-0.94617635,-0.96027035,-0.7739712,0.2091013,-0.8987373,-0.91996974,-0.67526186,-0.9574735,1
-0.95530534,-0.9878381,-0.9296491,0.50633574,-0.9558614,-0.9429738,-0.7955394,-0.98023653,-1
-0.97021866,-0.9761596,-0.92166406,0.7119931,-0.9564948,-0.9621094,-0.68863827,-0.9638671,-1
-0.97959185,-0.97316456,-0.91567683,0.5350594,-0.9694571,-0.93170094,-0.7424178,-0.955585,-1
-0.99062276,-0.980127,-0.93876445,0.36318314,-0.98032534,-0.9831539,-0.8002362,-0.98282695,-1
-0.9719691,-0.96964216,-0.8942831,0.3534442,-0.906765,-0.94250745,-0.7505891,-0.96078163,-1
-0.9765694,-0.9725207,-0.9052915,0.48524934,-0.9607717,-0.96098775,-0.6898229,-0.96116966,-1
-0.9624104,-0.96502715,-0.87409437,0.31952363,-0.9463583,-0.92724234,-0.69807684,-0.9426865,-1
-0.9801214,-0.9818442,-0.9034276,0.41073948,-0.97041035,-0.9706779,-0.75264215,-0.9860701,-1
-0.97145575,-0.9729098,-0.9125233,0.37624955,-0.9680199,-0.9621228,-0.75646544,-0.9800956,-1
-0.9183236,-0.93929297,-0.89021456,0.40880522,-0.92299795,-0.9040685,-0.7079064,-0.94705516,-1
-0.9404262,-0.9658628,-0.9224352,0.24356347,-0.9164054,-0.902418,-0.6448276,-0.9470375,-1
-0.98844594,-0.98393476,-0.94057703,0.64150155,-0.9700911,-0.96071106,-0.6148854,-0.9685649,-1
-0.9899458,-0.9855548,-0.960381,0.46232265,-0.97807646,-0.98172593,-0.82348305,-0.98270434,-1
-0.94613355,-0.9681431,-0.94420487,-0.059758462,-0.94377995,-0.9689424,-0.70029813,-0.9748565,-1
-0.95886123,-0.975081,-0.92063046,0.4944899,-0.9333173,-0.92977834,-0.757273,-0.94876224,-1
-0.96009403,-0.9425817,-0.9127352,0.09143321,-0.9404515,-0.9398627,-0.79045254,-0.9394705,-1
-0.9624614,-0.9594512,-0.8749531,0.3422014,-0.9296179,-0.915742,-0.7355993,-0.9384257,-1
-0.97009516,-0.9659741,-0.8729833,0.4420325,-0.95478535,-0.9418153,-0.63261455,-0.9665851,-1
-0.9830319,-0.9862037,-0.9299396,0.32719815,-0.9272866,-0.9669931,-0.7162731,-0.98536646,-1
-0.9793521,-0.9750247,-0.9289299,0.29967183,-0.9515292,-0.94671994,-0.6671341,-0.96705765,-1
-0.94295526,-0.97068983,-0.8879996,0.23526502,-0.8939128,-0.9327887,-0.67088443,-0.9444148,-1
-0.95092225,-0.9535968,-0.8579714,0.24180435,-0.94817287,-0.9199102,-0.64500356,-0.9541519,-1
-0.95683104,-0.96908754,-0.8394318,0.30769655,-0.9444626,-0.942407,-0.6644856,-0.956131,-1
-0.9541606,-0.92544377,-0.8512698,0.3070305,-0.91558033,-0.9149421,-0.7304069,-0.94859326,-1
-0.97632086,-0.9571973,-0.85613203,0.3375655,-0.8816901,-0.94311386,-0.62638193,-0.9330631,-1
-0.9353783,-0.9450136,-0.91985315,0.22490062,-0.9227944,-0.88043195,-0.81023055,-0.9397038,-1
-0.9391028,-0.9522235,-0.88181883,0.37821388,-0.93530357,-0.89920485,-0.6041858,-0.9438679,-1
-0.96992743,-0.8919867,-0.9062317,0.38683018,-0.92415005,-0.90918565,-0.62983745,-0.9261912,-1
-0.9539846,-0.95726097,-0.89120483,0.06835992,-0.90046227,-0.9119563,-0.6476645,-0.95048565,-1
-0.9662833,-0.96194136,-0.9388342,0.32368717,-0.9508473,-0.92525005,-0.69462794,-0.9706318,-1
-0.8594184,-0.9254451,-0.8316993,0.24261034,-0.8764421,-0.8702418,-0.66255784,-0.8828075,1
-0.9583269,-0.9701025,-0.899718,0.4277773,-0.9378331,-0.94766533,-0.78313315,-0.9569632,-1
-0.97917813,-0.98248863,-0.94470775,0.49400586,-0.97791433,-0.9660278,-0.78493035,-0.975128,-1
-0.9771134,-0.9786066,-0.90351725,0.44289696,-0.9548076,-0.9459762,-0.6924406,-0.9599826,-1
-0.9285043,-0.9159517,-0.8935245,0.13865724,-0.9029988,-0.900868,-0.57399035,-0.91427016,-1
-0.977858,-0.9724504,-0.92034334,0.26198226,-0.95517874,-0.95877284,-0.826541,-0.9518797,-1
-0.9545039,-0.96712023,-0.8755881,0.2323155,-0.9694661,-0.95172477,-0.67165804,-0.9513992,-1
-0.9625686,-0.9835825,-0.94488007,0.4641728,-0.95068115,-0.9503586,-0.71835524,-0.967351,-1
-0.95840424,-0.9654687,-0.8560585,-0.03512612,-0.92085975,-0.9521466,-0.76521915,-0.96413153,-1
-0.9880155,-0.98219544,-0.9338037,0.41041574,-0.9663017,-0.96647465,-0.7825317,-0.9632238,-1
-0.98535997,-0.9743739,-0.92446625,0.2806054,-0.94704115,-0.9573647,-0.75866765,-0.9793298,-1
-0.96609145,-0.93377924,-0.8421884,0.43071264,-0.95024055,-0.91229504,-0.5985272,-0.9390738,-1
-0.9649084,-0.9655933,-0.92778695,0.589679,-0.92539185,-0.9594962,-0.75201964,-0.9521957,-1
-0.9221407,-0.94512767,-0.8673142,0.2671351,-0.92235804,-0.8977858,-0.71656466,-0.9200171,-1
-0.96507454,-0.9652968,-0.87417513,0.42777386,-0.9587797,-0.9130852,-0.7998413,-0.9658994,-1
-0.97418445,-0.96016777,-0.91630644,0.30547857,-0.95109195,-0.96281517,-0.75400925,-0.97648036,-1
-0.9778433,-0.9859514,-0.9358754,0.5013176,-0.9557863,-0.9542031,-0.8130784,-0.97751373,-1
-0.9807765,-0.977053,-0.9003892,0.34625542,-0.96440154,-0.958937,-0.7907535,-0.97053057,-1
-0.95241624,-0.9515922,-0.90781844,0.46267396,-0.9190384,-0.89698994,-0.77666,-0.94517624,-1
-0.9705565,-0.9823856,-0.92327166,0.42626584,-0.9710467,-0.96933335,-0.85074854,-0.9800425,-1
-0.9374196,-0.89474267,-0.7290495,0.34380203,-0.87594557,-0.88183314,-0.6601514,-0.8906845,1
-0.9573225,-0.9457428,-0.9361621,0.4950549,-0.9321602,-0.8988766,-0.714484,-0.92656875,-1
-0.9794322,-0.961401,-0.8929752,0.47175515,-0.95229894,-0.91639286,-0.82027984,-0.9395398,-1
-0.9513838,-0.9734687,-0.94323164,0.3223705,-0.9422922,-0.93941826,-0.56947523,-0.9614461,-1
-0.9620507,-0.97947156,-0.9281361,0.4538525,-0.92355144,-0.9467038,-0.64816844,-0.9754796,-1
-0.9826825,-0.98117846,-0.9595698,0.39264494,-0.96092147,-0.9701289,-0.7815784,-0.98358166,-1
-0.95803785,-0.97161615,-0.9288755,0.28680336,-0.9281973,-0.9496147,-0.7289702,-0.97943366,-1
-0.98823965,-0.9880855,-0.9351432,0.25583118,-0.9741113,-0.96918726,-0.80465376,-0.98668456,-1
-0.9665671,-0.9561594,-0.93531775,0.3557214,-0.96166193,-0.93306136,-0.7936583,-0.9207732,-1
-0.97853935,-0.98001117,-0.8454311,0.2950419,-0.9492191,-0.9673201,-0.6871954,-0.9636485,-1
-0.9829636,-0.974089,-0.95913744,0.42951342,-0.9683162,-0.9398897,-0.7556066,-0.9839729,-1
-0.9827673,-0.97269446,-0.93861675,0.42463204,-0.92356455,-0.9594906,-0.84911466,-0.9500287,-1
-0.9645045,-0.9710136,-0.94058657,0.5515496,-0.9621219,-0.9507791,-0.70580274,-0.97074735,-1
-0.9702151,-0.9599614,-0.8992888,0.41945365,-0.9345486,-0.9507345,-0.70842105,-0.95034486,-1
-0.96783465,-0.9775054,-0.91782486,0.420959,-0.93521893,-0.9477752,-0.7938316,-0.9625044,-1
-0.9575067,-0.98185927,-0.9501414,0.43831223,-0.965224,-0.9500036,-0.8237496,-0.9674362,-1
-0.9672033,-0.9785659,-0.9527632,0.54182416,-0.9752859,-0.97254735,-0.8341232,-0.9840079,-1
-0.91938955,-0.93238854,-0.88691556,0.20496516,-0.88016313,-0.90970683,-0.71850824,-0.9341143,-1
-0.9603213,-0.97169,-0.93350136,0.43133274,-0.8817405,-0.8857266,-0.75467676,-0.91330767,-1
-0.9931859,-0.9828322,-0.9581069,0.4111392,-0.9811001,-0.9500813,-0.8765187,-0.9847718,-1
-0.98564154,-0.97375727,-0.9503384,0.5984709,-0.9635748,-0.9640978,-0.780416,-0.9773893,-1
-0.98825645,-0.9744833,-0.9642085,0.64210385,-0.9753362,-0.9779186,-0.83152163,-0.9905398,-1
-0.97823215,-0.9572007,-0.9283549,0.4296178,-0.94495434,-0.9522326,-0.6997227,-0.97807425,-1
-0.9794622,-0.9688113,-0.929449,0.42853498,-0.9422652,-0.9427995,-0.7519324,-0.97592705,-1
-0.9908909,-0.98950756,-0.9601374,0.5573448,-0.9640204,-0.9697063,-0.89591444,-0.98041046,-1
-0.9727218,-0.98409456,-0.9366849,0.532651,-0.96579355,-0.97802657,-0.65368944,-0.9813278,-1
-0.96906394,-0.9501889,-0.93824667,0.23694253,-0.9340619,-0.9341396,-0.7354775,-0.95960265,-1
-0.9590055,-0.96684974,-0.9127393,0.57952034,-0.93590885,-0.93553996,-0.83142614,-0.974103,-1
-0.9473182,-0.97428244,-0.82669574,0.43240404,-0.93336695,-0.94827694,-0.7230087,-0.93740964,-1
-0.9805962,-0.97789377,-0.9534683,0.3121645,-0.9781607,-0.96151155,-0.7382096,-0.9795049,-1
-0.9887607,-0.9891608,-0.96834713,0.49255094,-0.97359693,-0.98018634,-0.766303,-0.9847793,-1
-0.9705915,-0.97118187,-0.9004572,0.51004225,-0.91653967,-0.95207167,-0.6983565,-0.9578605,-1
-0.9507827,-0.92493176,-0.8474261,0.24930365,-0.8541614,-0.9019375,-0.6173617,-0.9161632,-1
-0.97822994,-0.97383577,-0.9673324,0.2579761,-0.943462,-0.96572876,-0.6811929,-0.983419,-1
-0.96715474,-0.96060646,-0.8530628,0.62910014,-0.91647434,-0.95490086,-0.7750902,-0.96689904,-1
-0.95023113,-0.97235215,-0.9152159,0.3327763,-0.9191532,-0.96310633,-0.6601783,-0.95553076,-1
-0.9805052,-0.9853896,-0.93023276,0.3530034,-0.97022164,-0.9730776,-0.8414858,-0.9802825,-1
-0.9500602,-0.9374229,-0.9263717,0.27106524,-0.94328773,-0.9409492,-0.7559569,-0.9265682,-1
-0.9820609,-0.9732761,-0.9173294,0.24455704,-0.94426674,-0.94329023,-0.72157353,-0.9618654,-1
-0.9662129,-0.9686599,-0.9217723,0.303439,-0.9389372,-0.9483461,-0.74613404,-0.9429606,-1
-0.9563767,-0.9352725,-0.880062,0.43667606,-0.91102934,-0.91199833,-0.61513466,-0.93926585,-1
-0.95698094,-0.98305774,-0.9462437,0.60669154,-0.9395231,-0.96914786,-0.80011374,-0.9758586,-1
-0.9882807,-0.97523594,-0.8841316,0.5406637,-0.9687161,-0.9648665,-0.74710494,-0.96571386,-1
-0.9711693,-0.9449015,-0.9421096,0.4517891,-0.95315653,-0.91181105,-0.75193125,-0.9613446,-1
-0.96583974,-0.97172666,-0.9257873,0.5237606,-0.9555449,-0.90751743,-0.6861724,-0.95013916,-1
-0.97045434,-0.97455746,-0.8731485,0.2870228,-0.95680875,-0.9378437,-0.70330846,-0.9518881,-1
-0.95543355,-0.94868773,-0.90366817,0.39526525,-0.93422663,-0.9031655,-0.7413552,-0.931769,-1
-0.9874751,-0.9912789,-0.9499908,0.60728943,-0.97062683,-0.97388655,-0.71735686,-0.9923492,-1
-0.97954977,-0.974398,-0.9024371,0.42505115,-0.95102835,-0.96286714,-0.6378974,-0.9710074,-1
-0.9795552,-0.9638728,-0.92009497,0.3051632,-0.97186196,-0.94595516,-0.7695245,-0.9686783,-1
-0.96584624,-0.9495363,-0.939766,0.38921034,-0.9386011,-0.9387495,-0.69002527,-0.9671902,-1
-0.97309107,-0.9681977,-0.9469834,0.3932025,-0.89358383,-0.96648556,-0.7759327,-0.9775333,-1
-0.93778145,-0.91953915,-0.8813169,0.48155332,-0.8858719,-0.89982,-0.6794414,-0.9295479,-1
-0.98980916,-0.9752347,-0.9495166,0.71042466,-0.96192956,-0.97353935,-0.7562488,-0.98104274,-1
-0.9913568,-0.98935056,-0.9285737,0.65366954,-0.97839075,-0.98138607,-0.7965364,-0.9888265,-1
-0.9632961,-0.942104,-0.9391876,0.46142805,-0.92287683,-0.9144703,-0.6965088,-0.9176456,-1
-0.9606738,-0.9539876,-0.8951213,0.5615685,-0.9648051,-0.92843807,-0.68032014,-0.9625911,-1
-0.9829097,-0.9661112,-0.92155266,0.4298243,-0.9622579,-0.92608815,-0.8259315,-0.9639568,-1
-0.9567459,-0.9608386,-0.9376622,0.5944572,-0.9701843,-0.92671275,-0.7452425,-0.97610015,-1
-0.95331424,-0.97150993,-0.87700135,0.45797125,-0.96254313,-0.93901503,-0.6909502,-0.96846503,-1
-0.9704398,-0.9572367,-0.916602,0.526257,-0.9382309,-0.9034965,-0.71302444,-0.9729125,-1
-0.9696746,-0.9486837,-0.92509127,0.39386186,-0.95771027,-0.9398696,-0.73683745,-0.92170507,-1
-0.9686369,-0.9684907,-0.91050553,0.48053953,-0.9261601,-0.9374866,-0.72642136,-0.97240365,-1
-0.9800939,-0.9580983,-0.9488609,0.49717435,-0.9652228,-0.9410515,-0.77483964,-0.9494084,-1
-0.9768138,-0.96162665,-0.92106146,0.41294402,-0.92851937,-0.9190126,-0.764051,-0.9488148,-1
-0.97798187,-0.9837497,-0.8765471,0.4245135,-0.96495223,-0.9598062,-0.72505575,-0.98232466,-1
-0.9827841,-0.9733412,-0.953122,0.34431913,-0.9519146,-0.9669754,-0.6624798,-0.9674866,-1
-0.9478812,-0.9559116,-0.82071215,0.25105214,-0.8595975,-0.92076176,-0.65311736,-0.9688041,-1
-0.97298396,-0.972165,-0.9080418,0.42344558,-0.9536864,-0.9597149,-0.8125076,-0.97604966,-1
-0.9905967,-0.9893848,-0.9624254,0.5136446,-0.9806714,-0.9771319,-0.8226491,-0.98725474,-1
-0.9344313,-0.96797603,-0.9132178,0.44065136,-0.9285302,-0.9531177,-0.73610187,-0.9535057,-1
-0.9775942,-0.9728659,-0.91480666,0.46683523,-0.93609256,-0.9480936,-0.83055764,-0.9772272,-1
-0.98216647,-0.9589919,-0.8091773,0.30923954,-0.92063344,-0.95863545,-0.7276591,-0.9707256,-1
-0.92288035,-0.9004978,-0.84402806,0.101119876,-0.86020064,-0.93496406,-0.6959724,-0.897103,-1
-0.9691724,-0.9786254,-0.9404133,0.2425811,-0.97432435,-0.9729177,-0.8793968,-0.98145866,-1
-0.97501767,-0.98368317,-0.9538859,0.22352654,-0.9546853,-0.97707474,-0.7973872,-0.9576971,-1
-0.96765655,-0.9801517,-0.88320863,0.6323813,-0.9604744,-0.9468046,-0.75322735,-0.9662698,-1
-0.9434241,-0.94411033,-0.9005253,0.048427764,-0.8948594,-0.8931189,-0.6094739,-0.9124102,-1
-0.9594161,-0.9378231,-0.86048913,0.45078433,-0.94512534,-0.9438893,-0.61350983,-0.97115153,-1
-0.9620414,-0.9515928,-0.9279784,0.37900835,-0.90568554,-0.92060065,-0.6912962,-0.9624117,-1
-0.9832978,-0.959834,-0.93393195,0.47282907,-0.9396484,-0.95553726,-0.7041804,-0.9730974,-1
-0.9678914,-0.9526418,-0.9252247,0.37864652,-0.90618896,-0.9322624,-0.7024897,-0.9379177,-1
-0.9721849,-0.92359823,-0.89624214,0.57901734,-0.93039584,-0.93257695,-0.7255141,-0.9598331,-1
-0.9591355,-0.9175253,-0.9015879,0.3163728,-0.88537705,-0.9208642,-0.57840854,-0.9198048,-1
-0.9586564,-0.92752546,-0.9195781,0.37230656,-0.92693347,-0.9188546,-0.78219754,-0.94166285,-1
-0.9818747,-0.9771727,-0.92298675,0.47298118,-0.95950913,-0.950431,-0.81379795,-0.9660038,-1
-0.98706603,-0.9729226,-0.94324136,0.4022725,-0.93903315,-0.97118086,-0.7566266,-0.97384197,-1
-0.9806592,-0.9869452,-0.9465341,0.53618854,-0.9513841,-0.96676666,-0.7770558,-0.9810009,-1
-0.9534311,-0.958787,-0.8635329,0.30457616,-0.8859194,-0.923662,-0.70719624,-0.9528476,-1
-0.94654167,-0.9724442,-0.9150677,0.6873113,-0.8969164,-0.9183379,-0.7413194,-0.92308706,-1
-0.9772939,-0.9810554,-0.91887796,0.4155584,-0.92708045,-0.9617861,-0.785763,-0.9881871,-1
-0.9854587,-0.99242413,-0.95482147,0.6667091,-0.9773558,-0.97841185,-0.83305854,-0.9884438,-1
-0.9749806,-0.97965956,-0.894689,0.3665057,-0.9369203,-0.9502915,-0.78393656,-0.97637224,-1
-0.94918,-0.9766006,-0.8822509,0.5144634,-0.93359923,-0.8929026,-0.69589376,-0.9561231,-1
-0.98825634,-0.9896636,-0.93576765,0.3818377,-0.95535713,-0.98203546,-0.77736586,-0.9847329,-1
-0.9920541,-0.9691881,-0.9407559,0.42906034,-0.9632822,-0.96774,-0.67533183,-0.9592107,-1
-0.97630864,-0.9602173,-0.92385644,0.08465488,-0.9382486,-0.9390998,-0.7759507,-0.97414017,-1
-0.99140364,-0.99184823,-0.9705616,0.3472059,-0.9855293,-0.98393244,-0.8587185,-0.9715313,-1
